codigo,codbarras,descrip1art
------,---------,-----------
NULL,6921875009940,KETOPROFENO AMP 100MG
NULL,6921875010052,CIPROFLOXACINA 500MG X 10 TAB KMPLUS
NULL,6921875010786,CEFADROXILO 500 MG TABL X 10 KMPLUS
NULL,6921875010830,IBUPROFENO 400 MG X 10 TABL KMPLUS
NULL,6921875010861,DIPIRONA 500 MG X 10 TAB KMPLUS
NULL,6942189211287,DICLOFENA SODICO 100MGX5 SUP KMPLUS
NULL,6942189211300,FUROSEMIDA 40 MG X 10 TAB KMPLUS
NULL,6942189211317,PREDNISOLONA 5MG X 10 TAB KMPLUS
NULL,6942189211461,DICLOFENAC POTASICO
NULL,6942189304132,DEXAMETAXONA 1MGX10 TAB
NULL,6942189304149,DICLOFENAC SODICO 100MG X 10 TAB KMPLUS
NULL,6942189304163,DOXICICLINA 100 MG X 10 TAB KMPLUS
NULL,6942189304194,LOPERMIDA 2MG X 10 TAB KMPLUS
NULL,6942189304217,NAPROXENO 500 MG X 10 TAB KMPLUS PHARMAC
NULL,6942189304248,CAPTOPRIL 50 MG 10 TAB
NULL,6942189304286,DICLOFENAC SODICO GEL 1% 30GR KMPLUS
NULL,6942189304293,GENTAMICINA UNG OFTA 0.3% 5GR
NULL,6942189304316,METRONIDAZOL 125MG/5ML 100ML SUSP KMPLUS
NULL,6942189304323,AMOXICILINA SUSP 125MG/5ML X 100 ML KMPL
NULL,6942189304347,AMPICILINA SUSP 125MG/5MLX100ML KMPLUS
NULL,6942189530166,IBUPROFENO SUSP 100 MG X 100 ML KMPLU
NULL,6942189530210,CEFALEXINA 125MG/5MLX 60ML SUSP KMPLUS
NULL,6970097350965,AMOXICILINA 500MG-ACID CLAV 125MG AMOXY
NULL,6974546560394,CANDESARTAN 8MG X 30 TAB 2N
NULL,6974546560950,SINOVUL (LEVONO 0.15MG/ETINIL 0.03 ) 2N
NULL,6974546561148,FUROSEMIDA 20MG X 30 TAB 2N
NULL,7088,VIT C TAB MASTICABLE 500MG
NULL,720524031013,NIFEDIPINA 20MG X30 LATTAN MEDIC
NULL,720524031075,ESOMEPRAZOL 40MG X 14 TAB LATTAN
NULL,720524031082,MELOXICAM 15MG X 10 TAB LATTAN
NULL,720524031099,TIZANIDINA 2MG
NULL,720524031181,SERTRALINA CLOHIDRA 50MG X 10 TAB LATTAN
NULL,730170648985,LEVOCETIRICINA 5MG X 10 TAB KMPLUS
NULL,730170649081,CARBIDOPA/LEVODOPA 25MG/250MG X 10 TAB
NULL,730170649111,MOMETASONA FUROATO CREMA 30G KMPLUS
NULL,730170649210,BUDESONIDA INHALADOR 200MCG DOSIS KMPLUS
NULL,730170649265,DEFLAZACORT 6MG X 10 TAB
NULL,730170649296,DUTASTERIDA/TAMSULOSINA 0.5/0.4MG X10 CA
NULL,730170649302,FEXOFENADINA 120 MG X 10 TAB KMPLUS
NULL,730170649319,FERXOFENADINA 180MG X 10 TAB KMPLUS
NULL,730170649470,SECNIDAZOL 500 MG X 4 TAB KMPLUS
NULL,730170649487,FUMARATO FERROSO200MG/ACIDO FOLICO0.25MG
NULL,731946648444,BETA-CLOTRI-NEOMIC CREMA 15G ARTE M
NULL,731946648468,DICLOFENAC POTASICO 50MG X 10 ARTE MEDIC
NULL,731946648499,NIMESULIDE 100MG X 15 TAB ARTE MEDICO
NULL,731946648512,OMEPRAZOL 20MG X 15 CAPS
NULL,731946648536,CLOPIDROGEL 75 MG X 10 TAB ARTE M
NULL,731946648604,LORATADINA 10MG X 10 TAB ARTE MEDICO
NULL,731946648611,TIOCOL 4MG/ BUPROF 400MG X 10 ARTE M
NULL,731946648680,NIFEDIPINA L.P. 30MG X 30 TAB
NULL,736372230058,AMIKACINA SULFATO 500MG/2ML AMP GLOBAL M
NULL,736372230096,CLINDAMICINA 600MG/4ML I.M/I.V. AMP
NULL,736372692061,ACICLOVIR 5% CREMA X 20G TOPICA H&M
NULL,736372692078,AMOXICILINA ACIDO CLAVU 875MG/125MG X 10
NULL,736372692085,AMOXICILINA-ACIDO CLAVUL 600MG-42.90 H
NULL,736372692092,AMOXICILINA 250MG/5ML X 60 ML SUSP
NULL,736372692108,AMOXICILINA 500 MG X 10 CAP H
NULL,736372692122,AZITROMICINA 500MG X 3 TAB
NULL,736372692146,CEFIXIME 100MG/5ML SUSP H
NULL,736372692177,IBUPROFENO 600MG/TIOCOLCHICOSIDO 4MG TAB
NULL,736372692184,KETACONAZOL 2% 20G TOPICA H
NULL,736372692207,NITAZOXANIDA 500 MG X 6 TAB (H)
NULL,736372692214,SULFADIAZINA DE PLATA 1% CREMA H
NULL,736372692252,BETAMETASONA 0.05% X 20 G H
NULL,736372692283,LIDOCAINA 5% GEL X30G H
NULL,736372722270,CEFADROXILO 500MG X10 TAB H&M
NULL,736372722300,ESOMEPRAZOL 20MG X 30TAB H
NULL,736372722324,FUROSEMIDA 20 MG X 30 TAB H
NULL,736372722331,FUROSEMIDA 40 MG X 30 TAB H&M
NULL,736372722348,HIDROCLORIOTIAZIDA 12.5MG X 30TAB H
NULL,736372722362,OMEPRAZOL 20MG X 30CAP H
NULL,736372722393,SULTAMICILINA 250MG/5ML H
NULL,736372722409,SULTAMICILINA 750MG X 10 TAB H
NULL,736372722416,TIOCOLCHICOSIDO 8MG X 10 TAB H&M
NULL,736372722454,BETHAHISTINA CLORHIDRATO 8 MG X 30 TAB
NULL,736372722478,AMIODARONA CLORHIDRATO 200MG X 10TAB H
NULL,736372722515,CIPROFLOXACINA 500MG X 10 TAB H
NULL,736372722553,KETOPROFENO 100MG X 10 TAB H
NULL,736372827364,KETOPROFENO 100MG/2ML I.V/I.M AMPOLL
NULL,7401078990201,GYNOTRAN CREMA VAGINAL 40G
NULL,7460536574025,BRESIS PLUS DIOSMI/HESPIRID 500MG X30TB
NULL,7467217703446,AMOXICILINA 250 MG/5 ML 60ML
NULL,7467217703514,COMPLEJO B MULTIVITAMINICO JBE 120ML S
NULL,7467217703552,PIPERAZINA 500MG/5ML JBE X 120ML
NULL,7467217703576,CEFALEXINA
NULL,7467922682173,NORPRIM 81 MG X 100 TAB
NULL,7468999187707,LEVOFLOXACINA 500MG/100ML ALFA
NULL,7501298224930,EUTIROX 50MG X 50 TAB MERCK
NULL,7501298224954,EUTIROX 100 MG X 50 TAB MERCK
NULL,7501298234601,EUTIROX 100 MG X 50 TAB MERCK
NULL,7501298234809,EUTIROX 25MG X 50 TAB MERCK
NULL,7501298234908,EUTIROX 50MG X 50 TAB MERCK
NULL,7501303438802,MESIGYNA INYECTABLE 1ML BAYER
NULL,7501384506872,ESLISTICA BROMURO DE PINAVERIO 100MG X14
NULL,7501384549954,CITALOPRAM 20MG X 15 TAB (REMICITAL) ART
NULL,7502216802889,ESPIRONOLACTONA 25MG X 20 TAB
NULL,756029628243,GABAPENTINA 300MG X 14 CAP LATTAN MEDIC
NULL,756029628250,PREGABALINA 75 MG X 14 CAP LATTAN
NULL,756029628311,BUSCALATT FEM X 10 TAB LATTAN
NULL,756029628328,BUSCALATT PLUS X 10 TAB LATTAN
NULL,756029628366,NIFEDIPINA LP 30MG X 30TAB LATTAN MEDIC
NULL,7590027000921,SULTAMICILINA SUSP PED 250MGX60 SP
NULL,7590027001010,CIPROFLOXACINA COMPDO 750MGX6 SPE
NULL,7590027001089,METFORMINA CLORHID 1000MG X 30COMP SPEFA
NULL,7590027001942,KETOROLAC TAB 10 MG X 20 SPEFAR
NULL,7590027002208,CARVEDILOL 6,25 X 20 COMP SPÉFAR
NULL,7590027002727,RIVAROXABAN 10MG X 30 COMP SPEFAR
NULL,7590027002857,CANDESARTAN CILEXETICO 8MG CJX30COMP
NULL,7590027002864,CANDESARTAN CILEXETILO 16MGX 30 COMP SPE
NULL,7590027002932,RIVAROXABAN 20MG X 30 COMP SPEFAR
NULL,7591020000710,AMOXIVAL CAP 500 MG X 12
NULL,7591020000758,AMOXIVAL SUSP 250 MG X 90 ML
NULL,7591020001519,OXOLAMINA JBE ADU X 120 ML VALM
NULL,7591020001625,SALBUROL SOL INH AL 0.5% X 20
NULL,7591020003148,CLONIDINA INY 0.150MG/1ML X2 GENCE
NULL,7591020003230,DUROVAL X 2 50MG
NULL,7591020005012,DUROVAL X 1
NULL,7591020005029,DUROVAL TAB 50 MG X 3
NULL,7591020006330,DUROVAL TAB 100 MG X 1
NULL,7591020007474,PREDNISONA TAB 50MG X 10 GENCER
NULL,7591020007566,CANDESARTAN TAB 16MG X 10 GENCER
NULL,7591020007597,AZITROMICINA TABR 500 MG X 5 GENCER
NULL,7591020008297,CANDER TAB 8MG X 30
NULL,7591020008303,CANDER TAB 16MG X 30
NULL,7591020008594,VALSARTAN +HID TABR 80MG/12,5 X14GE
NULL,7591020008600,VALSARTAN+HID TABR 160MG/12,5 X14GE
NULL,7591020008808,CANDESARTAN 8MGX 30 TAB GENCER
NULL,7591020008914,LOSARTAN POTASICO 50X30TAB GENCER
NULL,7591020009232,QUETIVAL QUEATIPINA 25MGX30TAB VALMORCA
NULL,7591020009379,TADALAFIL 5MG X 15 TAB VALMORCA
NULL,7591020009409,VALSARTAN 80MG X 30 CAP GENCER
NULL,7591020080590,ESQUIDONE TAB 2mg x 30
NULL,7591020080620,CANDER HCT TAB 16MG/12,5MG X 30
NULL,7591020080637,CANDER HCT TAB 8MG/12,5MG X 30
NULL,7591020080781,TADAFOX TAB REC 5mg x 30
NULL,7591020080996,PRELIVAL (PREGABALINA) 75X20CAP VALMORCA
NULL,7591020081092,EPITRAL TAB 50 MG X 30
NULL,7591062010012,MYCOFENTIN CREM VAG 2% X 40 GR
NULL,7591062010029,ALBICAR SUS 400 MG X 10 ML
NULL,7591062010616,BRUGESINA 300MG/10MG X 10 COMP
NULL,7591062010753,COLFENE COM 400 MG/4 MG X 10
NULL,7591062011200,PEREBRON JBE PED X 120 ML
NULL,7591062011262,PEREBRON JBE PED MIEL/LIMON 120 ML
NULL,7591062011323,TACHIPIRIN TAB 500 MG X 20
NULL,7591062011361,TACHIPIRIN SUP 125 MG X 6
NULL,7591062011538,TANTUM TPCO BUCAL X 240 ML
NULL,7591062011606,TANTUM DUCHA VAG SOL X 140 ML
NULL,7591062011613,TANTUM TPCO BUCAL SPRAY X 45 ML
NULL,7591062011644,TRITTICO TAB 100 MG X 30
NULL,7591062011811,KLAS CAP X 20
NULL,7591062011828,KLAS JBE FCO X 60 ML
NULL,7591062013082,BRUGESIC FORTE PED SUS X 60 ML
NULL,7591062013303,LIOLACTIL X SOBRE DETALLADO
NULL,7591062014607,FLATORIL CAP BLDA 125 MG X 20
NULL,7591062017295,TACHIFORTE TAB 650 MG X 10
NULL,7591062017301,TACHIPIRIN FORTE JBE PED X 120 ML
NULL,7591062166191,FLATORIL SUS GTS 80 MG/ML X 20 ML
NULL,7591062900900,COLFENE COMPR 600 MG/4 MG X15
NULL,7591062901129,FLOMED SOL TOP BUC SPRAY 45ML
NULL,7591062901198,GENURIN GRAG 200 MG X 10
NULL,7591062901297,LAFARCAINA MIEL LIMON X 16TAB ELMOR
NULL,7591062901365,FLOMED SOL TOP 0,15%-0,25% X 180ML
NULL,7591062902379,BRUGESIC COMPR 200 MG X 10
NULL,7591062902539,BRUGESIC GRAG 600 MG X 10
NULL,7591062902546,BRUGESIC 400MG X 10
NULL,7591196000071,CLARASOL SOL OFT X 15 ML
NULL,7591196000088,CLARIX SOL OFT X 15 ML
NULL,7591196000101,CLARIX SOL NSAL PED X 15 ML
NULL,7591196000286,LACRIDOS SOL OFT X 15 ML
NULL,7591196000439,QUINOFTAL SOL OFT X 5 ML
NULL,7591196000491,TOBRASOL SOL OFT 0.3% X 5
NULL,7591196000514,TODEX SUSP OFT X 5 ML
NULL,7591196000583,DOBET SOL OFT X 5 ML
NULL,7591196000637,QUINOTIC HC SUSP OTICA X 5 ML
NULL,7591196000668,BUDECORT SUSP PARA INHALAR 15ML OFTALMI
NULL,7591196000682,RINOMAX SOL NASAL X 15 ML
NULL,7591196000897,TODEX UNG OFT X 7,5 GR
NULL,7591196001726,FISIOLIN SOL NEBUKIZADOR 260 DOSIS
NULL,7591196002198,FISIOLIN SOL NASAL PED X 15 ML
NULL,7591196002204,DUOVENT SOL P/INHALAR X 15 ML
NULL,7591196002242,OCUPRED SUSP OFT 1 % X 5 ML
NULL,7591196002273,QUINOCORT SUSP OFT X 5ML
NULL,7591196002303,SALBUTAMOL SOLP/INHAL 5MG/ML X 15M
NULL,7591196002464,AZA CARD TAB 81 MG X 30
NULL,7591196002549,AIRON TAB MAST PED 5 MG X 10
NULL,7591196002563,AIRON TAB AD 10 MG X 10
NULL,7591196002624,LAGRIMAS ARTIFICIALES SOL OFTX15ML
NULL,7591196002693,ALERGOT SOL OFT 0,05 % X 5 ML
NULL,7591196002785,APIRET SUSP ORAL 180MG X 120ML
NULL,7591196002952,AIRON TAB MAST 4 MG X 10
NULL,7591196003027,NAS GTA PED SOL NASAL 0.05% X 15 ML
NULL,7591196003065,CALCITREX D3 TAB 950MGX30
NULL,7591196003140,NAS AD GTA SOL NASAL 0.1% X 15ML
NULL,7591196003171,CLARIX SOL GTAS 0.20% X150ML
NULL,7591196003416,QUINOMAX SOL OFT 0,50%X5ML
NULL,7591196003430,ALFADYN SOL OFT 0,20%X5ML
NULL,7591196003942,OPAT SOL OFT 0,1% X 5ML
NULL,7591196004161,DESLORAT 0,5 MG X 60 ML OFTALMI
NULL,7591196004208,LACRI FORT SOL OFT X 15 ML
NULL,7591196004604,CORTYNASE REFORM SUS 0.05% X 140 DO
NULL,7591196004727,TOBRAMICINA 0.3% 5 ML
NULL,759119600624,AFLAMAX SUPOSITORIOS X 6 OFTALMI
NULL,7591196006288,QUINOTIC CIPROFLOXACINA 4 ML
NULL,7591196006356,CORTYNASE 0.05% FUROATO DE MOMET 50MCG
NULL,7591196006417,AFLAMAX S 50MG X 6 SUPOSITORIOS
NULL,7591196006530,MUCOXOL AMROXOL 30MG/5ML OFTALMI
NULL,7591196007155,APIRET JAB 60ML
NULL,7591196007162,BUDECORT SUSP P/INH 1MG/ML X 10ML
NULL,7591196007186,AFLAMAX 50MG X 10 COMP
NULL,7591196007193,PERIDONT SOL TOP BUCAL 240ML
NULL,7591243801750,AMIODARONA TAB 200MGX10
NULL,7591243802092,ARESAN 20MG X 30
NULL,7591243802115,ARESAN OLMESARTAN MEDOXOMIL 40MGX30 TAB
NULL,7591243804041,BETADERM GENTAMICINA CREM X 15 GR
NULL,7591243804140,BETADERM CREMA 0,05% X 15 GR
NULL,7591243804164,BETADERM PLUS CREMA x15g
NULL,7591243807370,BROFLEMA JBE 8MG/5ML X 120ML
NULL,7591243811483,DECA LENTERMINA COMPLE X 3 AMP BIOTECH
NULL,7591243811643,DERMAPIL 0.1% MOMETASONA FUROATO BIOTECH
NULL,7591243812398,DI-EUDRIN 12.5 TAB X 30
NULL,7591243814347,EKI CAL SUSP 120ML BIOTECH
NULL,7591243826777,IVAGAN FORTE TAB 650 MG X 10
NULL,7591243831474,LOGANIL JARABE ADULTO 120ML
NULL,7591243831511,LOGANIL JARABE PED 120ML
NULL,7591243851106,TONUM TAB 10MG X 30
NULL,7591243856705,YONAL JBE X 120 ML AREX
NULL,7591309000608,WAMPOLE EMUL NARANJA X 240 ML
NULL,7591309000714,VITENOL CREM X 15 GR
NULL,7591309002183,OVERSKIN 13% CREMA PAŃALITIS
NULL,7591309010409,DENCORUB CREM X 40 GR
NULL,7591309010416,DENCORUB GEL X 40 GR
NULL,7591519000290,CAPTOPRIL 50 MG X 10 TAB
NULL,7591519000474,DOL TAB X 10 CALOX
NULL,7591519000573,FESTAL X 10 TAB (DETALLADO)
NULL,7591519000610,AMOXICILINA A/CLAVU 400MG-57MG/5ML CALOX
NULL,7591519001044,PREDNISONA TAB 50 MG X 10 CALOX
NULL,7591519001112,ACIDO FOLICO 10MG X 30TAB CALOX
NULL,7591519001174,CARVEDILOL 6.25 MG X 28 TAB CALOX
NULL,7591519001211,DIOSMINA 600MGX 28TAB CALOX
NULL,7591519001587,DOL TAB X 20 CALOX
NULL,7591519001617,METFORMINA 500MG X 28 TAB MOROCHA CALOX
NULL,7591519003734,METFORMINA TAB 850 MG X 28 CALOX
NULL,7591519005134,DOL PLUS TAB X 10
NULL,7591519005141,DOL PLUS TAB 650MG X 20
NULL,7591519006698,VALSARTAN HCT TABR 80/12,5 MG X14 C
NULL,7591519007053,CARVEDILOL TAB 12,5 MG X 14 CALOX
NULL,7591519007183,SERTRALINA TABR 50 MG X 10 CALOX
NULL,7591519007428,DOMPERIDONA TAB 10 MG X 15 CALOX
NULL,7591519008197,DEFLAZACORT TAB 6MG X 10 CALOX
NULL,7591519008210,DESLORATADINA TAB 5 MG X 10 CALOX
NULL,7591519008487,CALOXPIRINA TABE 81 MG X 30
NULL,7591519050806,PREDNISONA TAB 5 MG X 30 CALOX
NULL,7591519051285,CAPTOPRIL CALOX 25mg x 30 TAB
NULL,7591519317398,HEXOMEDINE 30g
NULL,7591519317411,LASIX (FUROSEMIDA) 20MG X 20 TAB MCK
NULL,7591519317428,FESTAL X10 CALOX
NULL,7591519317572,FESTAL GRAG X 25
NULL,7591519317619,LASIX (FUROSEMIDA) 40 MG X 12 COMP MCK
NULL,7591585110923,MONOSULPA SOL NSAL X 15ML
NULL,7591585110930,NASIN SOL NSAL AD X 15 CC
NULL,7591585111005,VIASEK COMPDO 50 MG X 2
NULL,7591585111166,FLUVIRIN JBE 120 ML
NULL,7591585111661,CANFIR L.P 750 MG X 30 TAB METFORMINA
NULL,7591585112552,OXIDREN COMP 150MG X 1
NULL,7591585112620,CANFIR 500MG LP 30COMP
NULL,7591585113139,FULGRAM SUSP 600MG X 60ML
NULL,7591585113368,NEUROMIX 10 COMP
NULL,7591585113382,NEUROMIX SOL INY X 3 AMP
NULL,7591585114389,LISILETIC COMPDO 20MG/12,5MG X 30
NULL,7591585114884,LETISAN GTA PED X 20 CC
NULL,7591585115737,MIGREN 650mg X 10 COMP
NULL,7591585118431,TENSOMAX CAP 30 MG X 30
NULL,7591585118462,ZONTRICON COM 500MGX6
NULL,7591585119049,RIFAMIX COMR 200 MG X 12
NULL,7591585170361,DEXAMETASONA INY 4MG/2ML X 1
NULL,7591585174581,CETERIZINA 10MG X 10 COMP GENVEN
NULL,7591585174598,CETIRIZINA SOL PED 1M/ML X60ML GEN
NULL,7591585177353,LORATADINA COMPDO 10 MG X 10 GENVE
NULL,7591585213198,FULGRAM COMPR 875 MG/125 MG X 16
NULL,7591585213334,ASARAP 15 MG X 30 COMP LETI
NULL,7591585213341,ASARAP 20MG X 30 COMP
NULL,7591585214881,LETISAN SOL REFORM X 120 ML
NULL,7591585215901,DERAIN CREM X 15 GR
NULL,7591585216175,ALIVET GRANULADO LIMON X1 SOBRE
NULL,7591585216755,ALIVET JBE 125/0,5 MG X 120 ML GENV
NULL,7591585217165,BIOTALOL COMR 5 MG X 30
NULL,7591585217172,BIOTALOL -BISOPROLOL COMR 2,5 MG X 30
NULL,7591585217523,DIKLASON A.P. COM 100 MG X 20
NULL,7591585217660,BABILIN GOTA 100MG - 0.42MG X 20 ML LETI
NULL,7591585219299,DIKLASON GEL 50 GR
NULL,7591585272652,LERCANIDIPINA CLORHIDRATO 10 MGX30 TAB G
NULL,7591585277701,IBUPROFENO 100MG/5ML SUSP
NULL,7591585278166,AMLODIPINA COMPDO 5 MG X 30 GENVEN
NULL,7591585278173,AMLODIPINA COMP 10MG X 30 GENVEN
NULL,7591585278265,CARBAMAZEPINA COMPDO 200MGX30 GENV
NULL,7591585278920,LOSARTAN POTASICO 100MG X10 COMP GENVEN
NULL,7591585278951,LOSARTAN POT COMPR 50MG X30 GENVEN
NULL,7591585279057,ACETAMINOFEN 650MG X 10 COMP GENVEN
NULL,7591585279460,AZITROMICINA COMPDO 500MGX5 GENVE
NULL,7591585314864,LETISAN CAPS 500MG X 10
NULL,7591585317025,PREGABALINA 150MG PEGYT X 20 TAB
NULL,7591585318565,TEKRON COMR 200 MG X 10
NULL,7591585319616,ULGARIN CAP 40MGX32
NULL,7591585370167,CAPTOPRIL COMP 25MG X30 GENVEN
NULL,7591585375636,CARVEDILOL COMP 6,25 MG X 30
NULL,7591585375643,CARVEDILOL COMP 12,5 MG X 30 GENVEN
NULL,7591585375872,VALSARTAN 80MG X 14 CAP GENVEN
NULL,7591585376657,ACETAMINOFEN 500 MG X 10 GENVEN
NULL,7591585378736,LOSART-HIDRO 50MG/12.5MGX 15 COMP GENV
NULL,7591585378798,OLMESARTAN MEDOXOMIL 20MG X 14 TAB GENVE
NULL,7591585378804,OLMESALTAR MEDOXONIL 40MGX 14 TAB GENVEN
NULL,7591585378927,LOSARTAN POT GV COMP 100mg x30
NULL,7591585415738,MIGREN COMPR 650MG/50MG/1G X20
NULL,7591585475633,CARVEDILOL 6.25 MG X 15 COMP GENVEN
NULL,7591585561237,ASAPROL COM 81 MG X 40
NULL,7591585616685,ALIVETFORTE NOCHE SOBRE 10 GR
NULL,7591616000902,LECHE DE MAGNESIA 120 ML BIOFARCO
NULL,7591616001657,SULFATIAZOL POLVO SOBRE X5GR BIOFARCO
NULL,7591616001930,EMULSION JBE X 180 ML BIOFARCO
NULL,7591619000541,FLEMIBAR 6.67MG-33.40ML X 20ML ROWE
NULL,7591619000619,ROWELUK 5MG X 10 COMP MONTELUKAST ROWE
NULL,7591619000626,MONTELUKAST ROWELUK 10 ROWE
NULL,7591619000633,DERMOSUPRIL 0.1% LOCION 30ML
NULL,7591619000800,GULAPER JBE PED 100/5ML X 60ML
NULL,7591619001005,NEFROTAL H 100MG/12.5MG ROWE
NULL,7591619001180,NEFROTAL 50MG X 30 COPM ROWE
NULL,7591619002774,COROPRES 32 MG X 30 TAB CANDESARTAN
NULL,7591619517285,ROWELUK 4 MONTELUKAST X30 TAB
NULL,7591619517605,DENUAL COM 150MG X 1 (acido ibandronico
NULL,7591619517803,ZUDENINA FORTE 0.3% GEL MEDIHEALTH
NULL,7591619517858,BETARRETIN CREMA 0.05%
NULL,7591619517940,PLIDAN GOTAS x 20 ml
NULL,7591619518688,MIGRADORIXINA 125MG /1MG ROEMMERSX10
NULL,7591619518695,PLIDAN COMPUESTO COMPDO X 10
NULL,7591619519036,DERMAZOL CREMA 0.05% X 30 GR
NULL,7591619519043,DERMAZOL UNGUENTO 0.05% X 30 GR
NULL,7591619519050,ORLIDIET CAPS 60mg x 30's
NULL,7591619519098,DERMAZOL LOC CAPILAR 0,05% 25ML
NULL,7591619519203,TADALAFILO 5MG X 30 COMP KLINOS
NULL,7591619519227,CICLOKAN 500MG X 21 COMP
NULL,7591619520315,CORENTEL H 5/6,25 X 30
NULL,7591619520353,COROPRES H COM 8MG-12,5MG X 30
NULL,7591619520483,MARTESIA 75MG X 14 CAPS
NULL,7591619520537,RAMIPRES 5 MG X 30
NULL,7591619520865,DERMOSUPRIL 0.05% 15G
NULL,7591619520872,DERMOSUPRIL C CREMA TOPICA 15MG
NULL,7591651722401,MUCORAMA JBE x 118ml
NULL,7591651723651,MUCOLIPTO PEDIATRICO JAB 90ML
NULL,7591651932299,DUVADILAN 10MG X 30 COMP ZUOZ PHARMA
NULL,75916565,VAPORUD 12G
NULL,7591818000090,COFASURE VALSARTAN 80 MG X 30 TAB COFASA
NULL,7591818026366,MIOVIT AMPS 3 ML X 3 COFASA
NULL,7591818111024,AIRFEN GTA PED X 15 ML
NULL,7591818111048,IPALAT SOL X 20 ML
NULL,7591818111123,CELAY SOL GTA PED 10MG X 15 ML
NULL,7591818112021,MUCOBROL JBE X 120 ML
NULL,7591818113028,EUSILEN AMPS 4 MG X 1 (KIT) COFAS
NULL,7591818114001,IPALAT CREM X 20 GR
NULL,7591818116005,EUSILEN COMPDO 4 MG X 8
NULL,7591818116043,CLORACE CAP X 10
NULL,7591818118030,MIOVIT GRAG X 10
NULL,7591818118047,MIOVIT GRAG X 30
NULL,7591818213407,BREXIN 180MG/5ML X 120ML COFASA
NULL,7591818215265,CLORACE TAB 500MG/4MG X20
NULL,7591818222164,EUSILEN COMP 4mg x 15¨s
NULL,7591818251331,MIOVIT SOL GTAS X 20 ML COFASA
NULL,7591818716687,MIOVIT JBE X90 ML S/AZUCAR COFASA
NULL,7591818716700,CLORACE JARABE PED
NULL,7591818716854,OLOCOF 5ML
NULL,7591821101029,CALCIBON D TAB 1500MG X 30
NULL,7591821101692,TERAGRIP JBE PED 120MG X 120 ML
NULL,7591821102101,FARMA D3 TAB 1000UI x 30
NULL,7591821102170,CALCIBON SUPRA MAST X 30 TAB FARMA
NULL,7591821210028,ARUDIL 20MG X 10
NULL,7591821210172,VALPROATO SODICO TAB 500 MG X 10 BLISTER
NULL,7591821210264,COLYPAN TAB 200 MG X 10
NULL,7591821210288,ULCON TAB 1 GR X 20
NULL,7591821210295,SENOKOT C/DOCUSATO TAB X 10
NULL,7591821210332,CRISOMET 50MG 500MG
NULL,7591821210349,CRISOMET 50MG 850MG
NULL,7591821210417,ULCON SUSP X 120 ML
NULL,7591821801004,FEMMEX ULTRA 200mg/30mg x 10ta
NULL,7591821801929,TERAGRIP FORTE NOCHE GRAN DISIPX36
NULL,7591821802322,RINARIS TABR 5MG-60MG X 10
NULL,7591821802391,TERAGRIP FORTE DIA GRAN DISIP X 36
NULL,7591821802414,TERAGRIP 24 HORAS TAB 650MG X 4 CO
NULL,7591821802773,FEMMEXTRA CAP 200MG/10MG X 10
NULL,7591821802957,NINAZO GTS ADLT x 15 ml
NULL,7591821901179,RINOLAST TAB 120 MG X 10
NULL,7591821901377,RINOLAST D SUSP X 120 ML
NULL,7591821901964,VALPRON JBE 250mg/5ml x 180ml
NULL,7591821901971,VALPRON SOL X 30 ML
NULL,7591821902534,COLYPAN 300MG LP
NULL,7591821903234,TAPAZOL TAB 5 MG X 60
NULL,7591821903616,NEURIXA 75MG X 14 CAPS
NULL,7591821903944,DOTRON SUSPENSION 1,8ML
NULL,7591821904293,FITEX 20mg
NULL,7591821904309,FITEX 20MG X 2 COMP
NULL,7591955000045,BARGONIL UNG RCTAL X 10 GR
NULL,7591955000052,BARGONIL UNG 2% X 30GR
NULL,7591955000113,CLENBUNAL JBE PED 0.005 MG X 120
NULL,7591955000151,CLENBUXOL JBE 0,01MG/5ML X 120 ML
NULL,7591955000489,FLEMICAINE SOL TPCO DENT X 5 ML
NULL,7591955000496,FLODONT UNG BUCAL X 15 GR
NULL,7591955000502,FLODONT ENJUAGUE BUCAL X 180 ML
NULL,7591955000663,PRAXONA TAB X 10
NULL,7591955000762,TRIDETARMON CREM X 15 GR
NULL,7591955001264,FERGANIC JBE X 120 ML
NULL,7591955001271,FERGANIC SOL GTA X 15 ML
NULL,7591955001288,GULAPER JBE AD 250 MG X 120 ML
NULL,7591955001295,GULAPER JBE PED 100 MG X 120 ML
NULL,7591955001301,GULAPER GOTAS PED x 30ml
NULL,7591955001486,PROTOSULFIL - SULFADIAZINA CREM X 30 GR
NULL,7591955002278,POLI OTICO GTA X 5 ML
NULL,7591955002421,FERGANIC CAP 40 MG X 14
NULL,7591955002452,GRAUSIN JBE X 120 CC
NULL,7591955002797,FERGANIC FOLIC TAB MAST40MG/ X 20
NULL,7591955002803,FERGANIC FOLIC JBE 40MG/360 X120ML
NULL,7591955003053,FERGANIC FOLIC TABM X 30
NULL,7591955003077,FERGANIC FOLIC GTA 42MG/80ML X 30ML
NULL,7591955003091,ANASMOL - WARFARINA COM 5 MG X 30
NULL,7591955558256,NEFROTAL COMR 100MGX14
NULL,7591955558263,NEFROTAL H 100MG-25MG X 30COMP ROWE
NULL,7591955558287,NEFROTAL H COMP 100/12.5mg x30
NULL,7592020119341,CLARITROMICINA 250MG /5ML SUP FAHD
NULL,7592074002750,ARANDANO NEGRO 400MGX60 CAP BIONECTAR
NULL,7592074003764,ZINC 50MG X 60 CAP BIONECTAR
NULL,7592074004686,MIPROPOLEO JBE X 120 ML BIONECTAR
NULL,7592236002086,ROBIMEN COMPLE B 120 ML
NULL,7592236002192,METOCLOPRAMIDA- CLOP JAR 120 ML
NULL,7592236002215,FANASAL ADULTO 15 ML
NULL,7592236002307,CO-TRIMOXAZOL 80-400 MG QUIMIFAR
NULL,7592348218108,MADECASSOL PVO AL 2% X 5 GR
NULL,7592348218122,MADECASSOL PVO AL 2% X 10 GR
NULL,7592348218221,MADECASSOL UNG AL 1% 20 G
NULL,7592348227506,POLIFIX PVO DENT X 22 GR
NULL,7592348413848,MADECASSOL 10 MG X 30 TAB POLINAC
NULL,7592349001020,DIHIDROPLIP (LERCANDIPINA) 10MG X 10TAB
NULL,7592349001037,DIHIDROLIP (LERCANDIPINA) 20MG X10 COMP
NULL,7592349001044,LUMBAX 400MG X 10 TAB
NULL,7592349001051,LUMBAX 600MG X 10 TAB VALMORCA
NULL,7592349001129,ATROVERAN 10MG X 10TAB VARGAS
NULL,7592349001174,LOSARTAN POTASICO 100MGX30 COMP GENER CA
NULL,7592349001563,FUMARATO DE BISOPROLOL 2.5MG X 30 TAB VA
NULL,7592349001570,FUMARATO BISOPROLOL 5MG X 30TAB VARGAS
NULL,7592349001846,BISOPROLOL FUMARATO 1.25MG BIPROLIL X30
NULL,7592349001907,VALSARTAN 80MG X 30COMP GENERICO CALIDAD
NULL,7592349429787,KETAZOL CREM X 15 GR
NULL,7592349527124,MODERAN JBE X 120 ML
NULL,7592349722161,ATROVERAN 10MG/ML GOTAS X 15ML VARGAS
NULL,7592349722925,ANTIFOM COMR 40MG X 10
NULL,7592349722963,HENOVI-C GTA X 30 CC
NULL,7592349844757,GYNOVIT SOL VAG X 130 ML
NULL,7592349923872,SUPOSITORIO DE GLICERINA PED 1.68G X6 GC
NULL,7592349923957,SUPOSITORIOS DE GLICERINA 2,88 X 6
NULL,7592432000138,CEVAX ZINC 500MG-7.5X 15 CAP
NULL,7592432005478,VIT E CAP BLDA 400 MG X 30 VIVAX
NULL,7592432005560,SELENE CAP X 30 VIVAX
NULL,7592432007649,CEVAX CAP BLDA VIT C 500 MG X 30
NULL,7592432010212,EVIGAX CAP BLAND 125 MG X 20
NULL,7592432017877,BETADUO C/JERING PRELLENADA X 1ML
NULL,7592432900032,EVIGAX CAPB 125MGX10
NULL,7592432900193,CEVAX ZINC 500/7.5MG X 30 CAP VIVAX
NULL,7592432901381,CEVAX 500MG X 15 CAPS
NULL,7592432901428,VIT E CAP BLDA 400 U.I.X 15 VIVAX
NULL,7592454000437,BROXOL FLEM JAB AD X 120 ML
NULL,7592454000444,BROXOL FLEM JAB PED X 120 ML
NULL,7592454000734,BROXOL GRIP JAB PE X 120ML
NULL,7592454002301,HEDRALIV JBE X 120 ML
NULL,7592454003063,ANALPER FEM PLUS TAB 200MG/10MG X10
NULL,7592454003308,LOSARTAN P HIDROCLOROTIAZIDA 100-25MG
NULL,7592454003353,IBUPROFENO SUSP 100MGX60ML LA SANTE
NULL,7592454144964,FLUCONAZOL CAP 150 MG X 2
NULL,7592454172073,PIROXICAM CAP 20 MG X 10 ELTER
NULL,7592454345057,FLUDIL - FLUNARIZINA TAB 10 MG X 20
NULL,7592454536271,BROXOL JBE AD X 120 ML
NULL,7592454536370,BROXOL JBE PED X 120 ML
NULL,7592454889278,DESLER M TABM 2,5/5MG X30
NULL,7592454889384,DOMPERIDONA 10 MG X 30 ELTER
NULL,7592454889513,BROXOL ALERG SOL ORL 30-5MG/5 ML X
NULL,7592454889612,LOSARTAN POTA- HIDRO 50MG-12.5 MG SANTE
NULL,7592454889629,BROXOL GTA GRIP PED 80 MG / 0,5 ML
NULL,7592454889698,CLOPIDOGREL ELTER TAB 75mg x30
NULL,7592454889728,LOSARTA + HIDROCLO 100/25MG X 30 LA SANT
NULL,7592454891172,LOSARTAN POTASICO 100MG X 30 ELTER
NULL,7592454891240,DESLER M TAB 2,5 MG/5 MG X 10
NULL,7592454891257,DESLER M TAB 5 MG/10 MG X 10
NULL,7592454891288,TIOCOLFEN TAB 4 MG X 10
NULL,7592454891318,DESLER JARABE 60ML
NULL,7592454891363,BUCOXOL GAR FRUTOS ROJOS X 10 TAB
NULL,7592454891370,BUCOXOL GAR MENTA FRESCA X 10 T
NULL,7592454891387,BUCOXOL GAR MIEL Y LIMON X 10 TAB
NULL,7592454891394,TALYSTO 5MG X 10 TAB
NULL,7592454891400,TALYSTO 20MG TAB
NULL,7592601000372,BETAHISTINA 16MG X 30 (BUTAL) SIEGFRIED
NULL,7592601100232,CAMPAL CREM X 20 GR
NULL,7592601100454,IMAZOL CREM X 20 GR
NULL,7592601100461,IMAZOL SOL X 20 ML
NULL,7592601100478,IMAZOL TAB VAG X 6
NULL,7592601100492,MULTIVIRAL CAP X 30
NULL,7592601100539,TILODRIN GTA X 15 ML
NULL,7592601100546,TILODRIN JARABE X 120 ML
NULL,7592601100621,IMAZOL CREM VAG AL 1% X 50 GR
NULL,7592601100683,ARBIXIL SOL GTA PED 7,5MG/5MCG 15M
NULL,7592601100805,EQUALIV TAB X 30 NATURE PHARMA
NULL,7592601100836,SEDIVAL TAB X 30
NULL,7592601100881,BENZODIAZOL TAB MAST S/MENTA X 16
NULL,7592601101093,MUPROBRAN UNG AL 2%X15GR
NULL,7592601101154,PERTEN CRM 1% X 20GR
NULL,7592601110590,IMAZOL PVO AL 1% X 20 GR
NULL,7592601200413,PLEXAMIN JBE X 120 ML
NULL,7592601300984,ESPIROLACTONA 25MG X 20 TAB
NULL,7592601301509,BENZODIAZOL NARANJA TABM 0,25/5MG X
NULL,7592601301516,BENZODIAZOL LIM/MIEL TABM 0,25/5MG
NULL,7592601301561,BENZODIAZOL TAB MAST LIMON x16
NULL,7592601301578,BROLAT - LORATADINA + AMBROXOL TAB X 10
NULL,7592601301585,BROLAT SOL ORAL 60ML
NULL,7592601301615,MICONAX MEYER CREMA x 40gr
NULL,7592601301783,IBUTANCOL 400MG 4MG X 10
NULL,7592601301790,IBUTANCOL 400MG 4MG X 20
NULL,7592601301806,PERTEN 1%X 30ML SOL GOTAS MEYER
NULL,7592601303121,IBUTANFEM 400MG-20MG IBUPR-N-BUTILBRO
NULL,7592601303602,BICOL VALSARTAN 80MG HIDRO 12.5MG X14TAB
NULL,7592616005010,AMBROXOL JBE PED 15MG/120 ML KIMIC
NULL,7592616011028,ATENOLOL CAP 50 MG X 30 KIMICEG
NULL,7592616083018,CETIRIZINA JAB 1MG/ML X 60ML KIMIC
NULL,7592616136585,MUCOMAX 30MG/5ML
NULL,7592616221014,IBUPROFEN SUSP 100MGX 60ML KIMICE
NULL,7592616375014,MELOXICAM TAB 15 MG X 10 CAP
NULL,7592616576145,CAPTOPRIL TAB 25 MG X 20 KIMICEG
NULL,7592616576558,DESLORATADINA 5MG X 10 KIMICEG
NULL,7592616576626,CARVEDILOL COMP 12,5 X 10
NULL,7592616576657,CARVEDILOL 25MG X 20TAB KIMICEG
NULL,7592616583075,MUCOMAX JARABE PED 120ML
NULL,7592616584027,KETOCONAZOL CREM 2% X 15 GR KIMICE
NULL,7592616584126,TERBINAFINA CRM 1% X 15GR KIMICEG
NULL,7592710000805,PROSTAPLANT CAPSULAS x 60´s
NULL,7592782000130,FUGOLIN CREM X 20 GR
NULL,7592782000529,GENCIVOL COMP X 30 CC VINCENT
NULL,7592782000567,OTAN GTA 0,10/4MG X5ML
NULL,7592782000673,NOV HEPAR JBE X180ML
NULL,7592782000741,LEVOFERIN SOL JBE 30/5mlx120ml
NULL,7592782000932,SOLUNOVAR 240 ML
NULL,7592782001052,SOLUNOVAR SPRAY X 60 ML SABOR HIERBABUEN
NULL,7592782001861,SOLUNOVAR COMPUESTO 120 ML VINCENTI
NULL,7592803000118,CINAREN CAP 75 MG X 20
NULL,7592803000200,CLOFEN GTA 15MG/ML X 15 ML
NULL,7592803000460,DOLAK COMPDO 20 MG X 10
NULL,7592803000811,NOPUCID SHAM 100 ML
NULL,7592803000835,NOPUCID LOC X 100 ML
NULL,7592803001023,VIZERUL COMPD 300 MG X 10
NULL,7592803001221,NEMODINE COMR 40 MG X 20
NULL,7592803001290,FAZOL GRAN P/SUSP 500MG X 15 ML
NULL,7592803001368,DOLAK COMPDO 10 MG X 20
NULL,7592803002389,VIZERUL JBE 150MG/10ML X 120 ML
NULL,7592803002402,MUCLAR JBE 30 MG-5MG/5ML X 60 ML
NULL,7592803002419,DOLAK COM 30 MG X 4
NULL,7592803003959,ALGIOL (BISOPROLOL)2.5 MG X30COM DOLLDER
NULL,7592803003997,CLOFEN 1.8MG/ML SUP 120 ML
NULL,7592806112047,DECOBEL AMP 8MG /2ML X 2 ML
NULL,7592806114195,DECOBEL 8MG/2ML ROVANA
NULL,7592806121018,ACETOBEN JBE X 120 ML
NULL,7592806121063,ROCARNIN 10% SOLUCION
NULL,7592806122015,BACTRON SUSP X 100 ML
NULL,7592806123012,ATROBEL GOTAS 15ML
NULL,7592806132021,MILAX PVO SOL ORAL X 360GR
NULL,7592806132038,MILAX PVO SOL ORL X 120GR
NULL,7592806132076,COLAYTE 69.57 GR ROVANA
NULL,7592806133042,ALURON TAB 100 MG X 30
NULL,7592806133073,BACTRON TAB 80 MG X 20
NULL,7592806133097,ALURON COM 300 MG X 20.
NULL,7592806133530,BACTRON FORTE TAB 160/800 MG X 10
NULL,7592806133639,FOLIFER B12 TAB X 30
NULL,7592806134018,IBUTIL FORTE IBUPRO 600MG/TIOCOL 8MG ROV
NULL,7592806134094,GRATIO TABR 750MG X 10
NULL,7592806136036,DECOBEL 4MG X 10 TAB RONAVA
NULL,7592946169659,OMEGA 3-6-9 CAP X 60 ARCO IRIS
NULL,7593090000201,ARNICA FC ROLL-ON 90 GR
NULL,7593090000676,ARNICA FC FORT ROLL ON C/MANGO
NULL,7593090001154,MUCOLIN AMBRO15 M/0.01MG/5MLCLENBU120ML
NULL,7593090001208,SULIXTRA TAMSULOSINA 0,4      MG X 10
NULL,7593090001215,SULIXTRA DUO (TAMSU CLOH0.4M DUTASTE 0.5
NULL,7593090001642,MULTIVINOL X 30TAB FC PHARMA
NULL,7593090001697,IVERMENTINA 6MG X 4 TAB FC LABORATORIOS
NULL,7593090002281,VIT C FC PHARMA TAB 500      MG X 15
NULL,7593090002311,DARLIDE CAP BLANDA 1000UI X 30
NULL,7593090002434,MELIGEN MEMANTINA 10MG X30 TABL FC
NULL,7593090002830,CANDERSARTAN 16MG X 30 TAB CANDETIP
NULL,7593090002854,DUTASTERIDA 0.5 MG X 30 CAP FCLABORATORI
NULL,7593090003318,ANAPIR/IBUPROFENO 600MG X10 CAP FC
NULL,7593434000089,ARNICA MENTOL 250G RHELEN
NULL,7593434000140,GEL ARNICA MONTANA PLUS 240G
NULL,7593434000164,RHELEN ARNICA PLUS ROLLON X 90
NULL,7593434001444,RHELEN ARNICA CRISTAL 100GR
NULL,7593434002625,ARNICA MONTANA PLUS TARROX100G RHELEN
NULL,7593533001116,ARNICA GLOBULIS  D6 X30GR VIHOM
NULL,7594000020166,FENOBARBITAL 100       MG X30 TAB LIST
NULL,7594000020418,AMBROXOL JBE AD 30        MG /5MLX120M
NULL,7594000490488,ONDANSETRON COMPDO 8      MG X 10
NULL,7594000490495,ONDANSETRON INY 2MG/ML 4MG X 1
NULL,7594000490501,ONDANSETRON INY 2MG/ML 8MG X 1
NULL,7594000490617,RIDAL COMPDO 2 MG X 20 GMP
NULL,7594000491799,RIDAL GTA 1MG/ML X 20ML
NULL,7594000850084,PIPERAZINA 500/5ML JBE X120ML BIOQUIMICA
NULL,7594000850206,FECOR (FUMARATO FERROSO) x 30 CAPS BIOQU
NULL,7594000850367,ALBENDAZOL 400/10ML SUSP ORAL BIOQUIMIC
NULL,7594000850466,IBUPROFENO SUSP 100      MG /5ML 120ML
NULL,7594000850909,AMBROXOL JAB PED BIOQUIMICA 120ML
NULL,7594000850985,BROMEXINA JBE PED X 120 CC
NULL,7594000851234,ACETOMINOFEN CLORFENIRAMINA 125      M
NULL,7594000851333,ACIDO FOLICO 10MG/ML GOTAS X 30ML PED
NULL,7594000851425,VITAMINA 500MG C X 30TAB BIOQUIMICA
NULL,7594000851500,DESLORATADINA JBE 0.5M/60ML BIOQUIMICA
NULL,7594000851562,BROMHEXINA 8MG/ 5 ML
NULL,7594000851586,AMBROXOL/LORATADINA X60ML BIOQUIMICA
NULL,7594000851593,AMBROXOL-LORATA 30MG-5MG/5ML JAB 120ML
NULL,7594000851616,LORATADINA 1MG/ML X 60 ML BIOQUIMICA
NULL,7594001100126,FUROSEMIDA 40 MG X 12 PLUS ANDEX
NULL,7594001100171,PROPRANOLOL ANDEX COMP 40mgx20
NULL,7594001100256,ALBENDAZOL 200MG X 6 TAB PLUS ANDEX
NULL,7594001100263,ALBENDAZOL 200MG X 2 TAB PLUS ANDEX
NULL,7594001100294,ALBENDAZOL 400MG/ML 10ML PLUSANDEX
NULL,7594001100331,DEXTONIL JAB 15MG/5ML X120ML
NULL,7594001100362,TIOCHAX TAB 4MG X 12 2X1
NULL,7594001100560,CLODOXIN GOTAS
NULL,7594001100577,CLODOXIM JAB 5ML X 120ML
NULL,7594001100591,MISULVAN GTA 100MG X 30ML
NULL,7594001100614,MISULVAN JAB 15MG/5ML X 120ML
NULL,7594001101024,ANANTY SUSP 120ML
NULL,7594001101154,KETOPROFENO 100 MGX10TAB KETODEX PLUSAN
NULL,7594001101178,KETOPROFENO COMP 100 MG X10
NULL,7594001101208,ENALAPRIL MALEATO 10 MG X 30 TAB PLUSAND
NULL,7594001101222,ENALAPRIL TAB 20 MG X 30
NULL,7594001101314,ACIDO FOLICO TAB 5MG X 30 PLUSANDES
NULL,7594001101338,ACIDO FOLICO TAB 10 MG X 20 PLUSAND
NULL,7594001101345,ACIDO FOLICO TAB 10 MG X 30 PLUSAND
NULL,7594001101352,AZITRODEX TABR 500 MG X 3
NULL,7594001101369,AZITRODEX TABR 500 MG X 5
NULL,7594001101444,LORADEX JBE 1MG/ML /X 60ML PLUSANDE
NULL,7594001101475,SECNIDEX TABR 500MG X 4
NULL,7594001101543,CLOPIDEX TABR 75 MG X 30
NULL,7594001101550,MISULVAN JBE PED 7,5MG/5ML X 120 ML
NULL,7594001101567,MISULVAN JBE ADUL 15MG-0,01MG/5ML X
NULL,7594001101581,ANANTY FORTE JBE x 120ml
NULL,7594001101604,ACETAMINOFEN TAB 650MG X 10 PLUSANDES
NULL,7594001101680,DEXTAMIN DESLORATADINA 0,5      MG /ML 
NULL,7594001101697,DEXTAMIN /DESLORATADINA  120ML PLUS ANDE
NULL,7594001101734,TIOCHAS PLUS 400MG 4 MG X10 PLUS ANDES
NULL,7594001101826,MONTELUKAST 10MG X 30 TAB
NULL,7594001101871,BENCIDAMINA 0.15% BEDEX 120ML PLUSANDEX
NULL,7594001101895,ACTICAR L-CARNITINA 1G/10ML PLUSANDEX
NULL,7594001101949,METFORMINA CLOHIDRATO 500MG X 30 TAB PLU
NULL,7594001101956,DEXTAMIN 5MG X 10 TAB DESLORATADINA
NULL,7594001101970,CLODOXIN 10MG X 10 COMP PLUSANDES
NULL,7594001102021,CARVEDILOL 6.25 MG X30 TABL PLUSANDEX
NULL,7594001102038,ESOMEPRAZOL 20MG X30 TABL PLUS ANDEX
NULL,7594001102045,LOSARTAN POTASICO 50MG X30 PLUS ANDEX
NULL,7594001102199,METFORMINA 850 X 30TAB PLUSANDEX
NULL,7594001102236,GLIDEX/METFORMINA 850MGX30 PLUS ANDEX
NULL,7594001102359,TANSUDEX/TAMSULOSINA 0.4 X30 PLUS ANDEX
NULL,7594001102366,TANSUDEX PLUS-DUTASTERIDA/TAMSULOSINA
NULL,7594001450894,CITRATO DE POTASIO 10% RECETEMARK 120ML
NULL,7594001455776,LAMEDOR COMPUESTO JBE 120ML BIONECTAR
NULL,7594001455820,CITRATO DE POTASIO 10% 500ML RECETTE
NULL,7594001455844,PASIFLORA + VALERIANA JBE X 120 ML RECET
NULL,7594001455851,CITRATO DE POTASIO SOLU AL 10% 500ML REC
NULL,7594001564423,Flixocare Fluticasona 0.05 % 120 Dosis
NULL,7594002082124,DICLOFENA POTASICO 50MGX10TAB ELMOR
NULL,7594003280048,NIOSILIN PDA X 25 GR
NULL,7594005620064,ACEITE DE ALMENDRAS C/ VIT E SOLANO
NULL,7594005620200,GLICERINA 30 ML ALVA-LOF
NULL,7594005620316,TINTURA DE ARNICA 30 ML ALVA-LOF
NULL,7594005620323,TINTURA DE VALERIANA 30 ML
NULL,7594005620514,POMADA DE ARNICA 30GM
NULL,7595137000151,XIODINE SOL TOP IODADA X 150 ML
NULL,7595137000168,XIODINE SOL. JABONOSA 150ML
NULL,7595152002512,CEFALEXINA 500MG X 10 TAB REMENY
NULL,7595152002581,ENALAPRIL MALEATO 5MG X 10 TAB REMENY
NULL,7595152002628,FLUCONAZOL 150MG X2 CAPS REMENY
NULL,759515200267,ACIDO IBANDRONICO 150MG X 1 TAB REMENY
NULL,7595152002734,LEVOTIROXINA SODICA 25MG X 10TAB REMENY
NULL,7595414000836,COLAGENO+VITA C X 50 GOMIT FALIDU
NULL,7595414000850,BIOTIN+VIT C & E X 60 GOM FALIDU
NULL,7595414000867,VITAMINA D3 FADILU 1000IU X 30 GOMI
NULL,7595414001093,COLAGENJO /VIT C X60 GOMITAS FALIDU
NULL,7596139000057,JAB DE VALERIANA 120ML
NULL,7596139000132,VALERIANA GTA X 15 ML SOMA
NULL,7596273000968,OKY TOALLAS 20 UND MANZANILLA SV
NULL,7596347792515,MINOXIDIL 5% 60ML
NULL,7596347792522,MINOXIDIL 2% 60ML
NULL,7596347793567,BACITRACINA 500 U.I /G 15G
NULL,7596347793581,KETOCONAZOL 2% (KETOVEN) CREMA TOPICO
NULL,7596347793598,MUPIROCION
NULL,7596347802542,OLANZAPINA 10 MG X 10CMP DROPREXA DPT
NULL,7596347803471,TRIPLE ANTIBIOTICO BACIT-NEOM-POLIM
NULL,7596347805482,CEFTRIAXONA 1 GR X 1 AMP DPT
NULL,7596347805536,PENICILINA G BENZATINICA 2.400.000 AMP
NULL,7596347806939,CLINDAMICINA 300MG X 10 TAB DPT
NULL,7596347807103,VITAMINA C I.M/I.V 1G AMP DPT
NULL,7596526000714,MAGNEVIT ADVANCE 500MG X 50CAP NATURFILE
NULL,7596832000095,JABON PEDI  GLICERINA Y FRAGANCIA 100G
NULL,75970543,SULFUROCIS CREMA
NULL,7597072000296,GENTAMICIS CREMA
NULL,7597072001286,QUADRIMER CREMA
NULL,75971281,LIDOCAINA AMP 2MG X30ML ALESS
NULL,75971304,AMPICILINA SULBACTAM 1.5G
NULL,7597134002152,GINKGO BILOBA 500MG X70CAP
NULL,75971342,CEFTRIAXONA 1G AMP I.V./IM ALESS
NULL,7597189000042,COLAGENO HIDROLIZADO VIT E Y C X 30 CAP
NULL,7597285000052,CLORURO DE SODIO 0.9X500ML IPS
NULL,7597285000083,AMOXICILINA 500MG X 10 TAB IPS
NULL,7597285000366,FLUCONAZOL INY 200MG X 100ML IPS
NULL,7597285000380,LEVOFLOXACINA 500MG X100 ML AMP IPS
NULL,7597285000397,AMOXICILINA 500MG/CLAVUL 125MG X 10 TAB
NULL,7597533000070,hierro 100 mg / 5 ml I.V
NULL,7597533000087,cefixina 400 mg x 5 tab zaki
NULL,7597533000094,METRONIDAZOL 250 MG/ 5 ML PED ZAKI
NULL,7597533000100,AMOXICILINA + AC CLAVULANICO 500     M
NULL,7597533000117,AMOXICILINA + AC CLAVULANICO 875     M
NULL,7597533000131,AZITROMICINA 500MG X 3 TAB ZAKI
NULL,7597533000193,AMOXICILINA 250 ML/ 5 ML SUP
NULL,7597533000209,PREDNISOLONA 3 MG/ML SUP 60 ML ZAKI
NULL,7597533000285,SUCRALFATO 1G/5 ML SUSP 60 ML ZAKI
NULL,7597533000292,MELOXICAM 15 MG X 10 TAB
NULL,7597533000308,ciprofloxacina 500 mg x 10 zaki
NULL,7597533000315,DIPIRONA 500MG X 10 TAB ZAKI
NULL,75975330003777,CLORFENIRAMINA 4MG X 10 TAB ZAKI
NULL,7597533000414,AMOXICILINA A/CLAVULANICO 250MG+62.5 PE
NULL,7597533001572,CEFADROXILO 500 MG X 10 TAB ZAKI
NULL,7597533001589,AMOXICILINA 500MG TAB X 10
NULL,7597533001626,TIMOLOL 0,5%10 ML (50MG)
NULL,7597533001640,LEVOFLOXACINA 750 MG X 10 TAB ZAKI
NULL,7597533001671,digoxina 0.25 mg x 10 tab zaki
NULL,7597533001701,FLUCONAZOL 150MG X 1 CAPS
NULL,7597533001718,PREDNISONA 5 MG X 10 TAB ZAKI
NULL,7597533001732,PREDNISOLONA 5MG X 10 TAB ZAKI
NULL,7597758000060,OMEFLUX OMEPRAZOL 20      MG X 10 CAPS
NULL,7597758000077,CIPROFLOXACINA 500MG X 10 TAB ALESS
NULL,7597758000145,AZITROMICINA 500      MG X 5
NULL,7597758000152,AZITROMICINA 200MG SUSPENSION
NULL,7597758000176,IBUPROFENO 400MG X 10 TAB ALESS
NULL,7597758000237,CEFADROXILO TAB 500      MG X 12
NULL,7597758000312,OLMESARTAN 20 MG X 30 TABL ALESS
NULL,7597758000329,OLMESARTAN 40MG X 30 TAB
NULL,7597758000459,ACETAMINOFEN JBE 120 ML ALESS
NULL,7597758000503,CARBAMAZEPINA 200 MG X30 TABL ALESS
NULL,7597758000534,METRONIDAZOL COMPDO 500 MG X10
NULL,7597758000619,CLOPIDOGREL 75 MG X30 TABL ALESS
NULL,7597758000626,TAMSULOSINA 0.4 MG X 30 CAP ALESS
NULL,7597758000657,CLOTRIMAZOL OVULOS 200      MG X 3
NULL,7597758000664,CLOTRIMAZOL 500MG X 1 OVULO ALESS
NULL,7597758000671,METRONIDAZOL OVULOS X 10
NULL,7597758000695,HIDROCORTISONA 500MG I.M/I.V ALESS
NULL,7597758000732,ATORVASTATINA 20      MG X 30TAB 
NULL,7597758000749,ATORVASTATINA 40X30 TABL ALESS
NULL,7597758000817,LORATADINA 10 MG X 10 TABL ALESS
NULL,7597758001050,CLOTRIMAZOL 1%  20 G TOPICO ALESS
NULL,7597758001111,METRONIDAZOL 250MG/5ML EN 120ML ALEES
NULL,7597758001135,ACIDO TRANEXAMICO XANETRA 500MG X 21TAB
NULL,7597758001388,DIOS-HE/DIOSMINA/HESPERIDINA ALESS X30
NULL,7597758001395,FLAVORIN-FLAVOXATO 200X10TABL
NULL,7597758001463,CETIRIZINA 5MG/5ML 60 ML ALESS
NULL,7597758001470,GABAPENTINA 300MG X 30CAP ALESS
NULL,7597758001548,AMOXTIN/AMOXICILINA /400MGX  60ML ALESS
NULL,7597758001579,LORATADINA 5ML/5ML SOL ORAL 60ML ALESS
NULL,7597767000013,SUEROLITO COCO 400ML
NULL,7597767000020,SUEROLITO FRESA 400ML
NULL,7597767000037,SUEROLITO UVA 400ML
NULL,7597767000358,SUEROLITO FRUIT 400 ML
NULL,7597767000822,MIPAX PRAMIPEXOL 1MG X30 COMP SNC
NULL,7598008000090,ACICLOVIR 200MG X10TABL LAND
NULL,7598008000106,ALBENDAZOL 200MG X 2 TAB MASTIC LAND
NULL,7598008000144,AMOXICILINA A/CLAVULANICO 500/125MG X10
NULL,7598008000182,ATORVASTATINA 20MG X 10 TAB LAND
NULL,7598008000205,AZITROMICINA POLVO SUSP 200        MG
NULL,7598008000243,CARBAMAZEPINA 400MG X 10 TAB LAND
NULL,7598008000335,DEXAMETASONA 4MG X10 TABL LAND
NULL,7598008000397,FLUCONAZOL 150MG X 10 TAB
NULL,7598008000434,GLIPERAMIDE 4MG X 10TAB LAND
NULL,7598008000441,BUTILBROMURO DE HIOSCINA 10MG X10 LAND
NULL,7598008000489,LEVOTIROXINA SODICA 100MCG X10 LAND
NULL,7598008000496,LEVOTIROXINA SODICA 50MG X 10 TAB LAND
NULL,7598008000502,LEVOTIROXINA SODICA 25MG X 10 TAB LAND
NULL,7598008000519,LOPERAMIDA 2 MG X 10 TABL LAND
NULL,7598008000564,METRONIDAZOL 500MG X10 LAND
NULL,7598008000571,NIFEDIPINA 10 MG X 10 TAB LAND
NULL,7598008000588,NIFEDIPINA 20MG X10 TABL LAND
NULL,7598008000595,NIFEDIPINA 30MG  LP X10 LAND
NULL,7598008000694,DIOSMINA 450MG + HESPERIDINA 50MG LAND
NULL,7598008000830,CIPROFLOXACINA 0.3% GOTAS OFTA
NULL,7598008000861,DORZOLAMINA 2% + TIMOLOL 0.5% LAND
NULL,7598008001257,LEVOTIROXINA SODICA 50MG X10 TABL LAND
NULL,7598008001264,LEVOTIROXINA SODICA 25MG X 10 TAB LAND
NULL,7598008001288,LOPERAMIDA 2 MG X 10 TAN LAND
NULL,7598008001738,BUDESONIDA SUSP PARA INHALAR LAND
NULL,7598008001745,DESONIDA 01%X 15G LAND
NULL,7598008001769,PREDNISOLONA 3MG/ ML SOLUCION 60ML(LAND)
NULL,7598008001806,IBUPROFENO+TIOCOLCHICOSIDO X10 TAB LAND
NULL,7598008001820,LEVOFLOXACINA 750MG X 10 TAB LAND
NULL,7598008001868,BISOPROLOL 5MG X 10 TAB LAND
NULL,7598008001905,SUCRALFATO 1G/5ML SUSP  LAND
NULL,7598008001967,CETIRIZINA 10MG X 10 TAB LAND
NULL,7598008001981,DESLORATADINA 5MG X 10TAB LAND
NULL,7598008001998,ACIDO VALPROICO 500MG X 10 TAB LAND
NULL,7598008002018,TAMSULOSINA 0.4X10 TAB LAND
NULL,7598008002032,AMOXICILINA ACID/CLAVU 875+125 MG X10TAB
NULL,7598008002049,DICLOFENAC POTASICO 1.8MG/ML SUP LAND
NULL,7598008002162,AMOXICILINA/AC CLAVULANICO 600MG/5ML SUS
NULL,7598008002216,CEFIXIMA 200MG/5ML SUSP ORAL LAND
NULL,7598008002278,DOMPERIDONA 1MG/5ML SUSP ORAL LAND
NULL,7598008002490,ACICLOVIR 400MG X10TABL LAND
NULL,7598008002513,ATENOLOL 100MG X10 TAB LAND
NULL,7598008002575,OMEPRAZOL 40 MG X 10 CAP LAND
NULL,7598008002612,FLUCONAZOL 150MG X 2 CAP
NULL,7598055000210,DEXTRAN HIDROXIPRO LAGRIMAS ARTIFICIALES
NULL,7598055000272,SERTRANILA 100MG X 10 TAB CAPSUVEN
NULL,7598055000395,OLANZAPINA 5 MG X30TAB CAPSUVEN
NULL,7598055000401,OLANZAPINA 10MG X 30 TAB CAPSUVEN
NULL,7598055000838,SITAGLIPINA 50MG X 10 TAB (SITAP)CAPSUV
NULL,7598055000968,CLOREL (CLOPIDOGREL) 75 MG X 30 TAB
NULL,7598127000599,AMPICILINA SULBACTAM 1.5G BLUE MEDICAL
NULL,7598127001176,OMEPRAZOL 20MG X 30 CAP BLUE MEDICA
NULL,7598127001206,PREDNISOLONA 5MG BLUE MEDICAL
NULL,7598127001251,CETIRIN/CETIRIZINA 10MG X10 BLUE MEDICAL
NULL,7598127001367,CARBAMAZEPINA 200 MG X 30 TABL BLUE MEDI
NULL,7598127001480,ATEPREX/ATENOLOL 100MGX30 TABL  BLUE MED
NULL,7598127001558,CIPROFLOXACINA 500MG X10 TABL BLUE MEDIC
NULL,7598127001640,OLMESARTAN 20MG X 30TABL BLE MEDICAL
NULL,7598127002142,METFORMINA LP 1000X30 TABL BLUE MEDICAL
NULL,7598176000014,MELOXICAN 15 MG X 10 TAB
NULL,7598176000045,CLARITROMICINA 500MG X 10 TAB ANGELUS
NULL,7598176000052,AZITROMICINA TAB 500      MG X3 
NULL,7598176000076,GABAPENTINA 300 MG X 30 CAO ANGELUS
NULL,7598176000090,LOSARTAN P HIDROCLOROTIAZIDA 50-12,5MG
NULL,7598176000137,ALOPURINOL 100MG X 30 TAB ANGELUS
NULL,7598176000144,ROSUVASTATINA 20MG X 30 TAB ANGELUS
NULL,7598176000151,FLUOXETINA 20MG X 30 TAB ANGELUS
NULL,7598176000175,PREDNISOLONA 5MG X 30 TAB ANGELUS
NULL,7598176000205,BISOPROLOL 10MG X 30TAB ANGELLUS
NULL,7598176000212,DOMPERIDONA 10 MG X 30 TAB ANGELLUS
NULL,7598176000229,ITRACONAZOL 100MG X 10 TAB ANGELLUS
NULL,7598176000243,CARBAMAZEPINA 200MG X 30 TAB ANGELLUS
NULL,7598176000250,ATORVASTATINA 20 MG X 30 TAB ANGELUS
NULL,7598176000267,CARVEDILOL 12.5 MG X 30 TAB ANGELUS
NULL,7598176000281,FLAVOXATO CLOHIDRATO 200MG TAB ANGELUS
NULL,7598176000304,SITAGLIPINA50MG-METFORMI CLOHI 500MG ANG
NULL,7598176000311,METFORMINA 1 G X 30 TAB ANGELUS
NULL,7598176000335,GLIBENCLAMIDA 5 MG X 30 TAB ANGELLUS
NULL,7598176000359,AMLODIPINA-VALSARTAN 5MG-160MGX30 ANGELU
NULL,7598176000380,CEFADROXILO 50MG X 10 CAP ANGELUS
NULL,7598176000410,SULTAMICILINA 750 MG X 10 TAB ANGELUS
NULL,7598176000458,ETORICOXIB 60 MG X 10 TAB ANGELUS
NULL,7598176000465,ETORICOXIB - ARCOXIA 90MG X 10 TAB ANGEL
NULL,7598176000472,MELOXICAM 15MG X 10 TAB ANGELLUS
NULL,7598176000489,DIGOXINA 0.25 MG X 30 TAB ANGELUS
NULL,7598176000496,METFORMINA CLORHIDRATO 850MGX 30 TAB ANG
NULL,7598176000502,ATORVASTATINA 40MG X 30TAB ANGELUS
NULL,7598176000526,DEXKETOPROFENO 25MG X 15 TAB ANGELUS
NULL,7598176000533,DIACEREINA 50MG X 30TAB ANGELLUS
NULL,7598176000564,TIZANIDINA 2MG X 10 TAB ANGELLUS
NULL,7598176000618,DILTIAZEM 120 MG X 30TAB ANGELUS
NULL,7598176000625,DILTIAZEM 60 MG X 30 TAB ANGELUS
NULL,7598176000700,CLINDAMICINA 300MGX 10 CAP ANGELUS
NULL,7598176000717,LOSARTAN POTASICO 100MG X 30 TAB ANGELU
NULL,7598176000724,AMOXICILINA+ACID CLAV 250MG/5ML ANGELUS
NULL,7598176000786,CARBAMAZEPINA 400 MGX 30TAB ANGELUS
NULL,7598176000809,N-BUTILBROMURO DE HIOSCINA ANGELUS
NULL,7598176001110,MOTANEX/NAFAZOLINA GOTAS NASALES ANGELUS
NULL,7598176001134,OMEPRAZOL 20MG X 10 CAP ANGELUS
NULL,7598176001172,ETORICOXIB 120 MG X 10 TAB EZETIX ANGELU
NULL,7598176001189,METFORMINA 850MG/SITAGLIP50MG X 30 TAB
NULL,7598176001318,CLINDAMICINA 300MG X10 CAP ANGELUS
NULL,7598176001387,NEBIVOLOL 5MG X28 ANGELUS
NULL,7598176001394,NIFEDIPINA 30MG X 30 TAB LP ANGELUS
NULL,7598176001714,ITRACONAZOL 100MG X10CAP ANGELUS
NULL,7598252000037,TROBAMACINA 0.3% DEXAMETASONA 0.1%
NULL,7598252000082,ATORVASTATINA 40 MG X 30TAB DISTRILAB
NULL,7598252000143,DIOSMINA 450MG/ HESPER 50MG X 30TAB DIST
NULL,7598252000167,NITAZOXANIDA 500MG X10 TABL DISTRALAB
NULL,7598252000204,DEFALOX/CEFIXIMA 400MG X10 TABL DISTRALA
NULL,7598252000280,LECANIDIPINA 10MG X 10 TAB DISTRALAB
NULL,7598252000457,BULTIBROMURO HIOSCINA (DISCAPINA) 5MG/5M
NULL,7598252000471,DITOSXIL CARBOMETILCISTEINA 100MG/5ML
NULL,7598252000488,CEFADROXILO 250MG/5 ML SUSP X100ML DISTR
NULL,7598252000495,DIPROXIN CIPROFLOXACINA PED 250MG/5ML
NULL,7598252000501,DISFENAC(DICLOFE POTASICO)1.8MG/MLX120ML
NULL,7598252000822,FUROSEMIDA 20 MG X 1 AMP DISTRALA
NULL,7598252000983,DISFARCAINA LIDOCAINA CREMA 40 GR DISTRI
NULL,7598252001010,BACITRACINA 500UI CREMA X 20GR DISTRALAB
NULL,7598252001102,DISMEXINA BROMEXINA 8MG/5ML JBE X 120ML
NULL,7598252001133,DISTAMIN VITAMINA C JBE 200MG/5ML DISTRA
NULL,7598252001157,RANITIDINA 150MG/10ML(DIANITI) JBEX120ML
NULL,7598252001409,METFORMINA 850 MG X 30 DISTRILAB
NULL,7598252001416,ACICLOVIR SUSP 200MG/5ML (DISTRILAB)
NULL,7598252001423,ACICLOVIR 3MG X4.5GR OFTALMICO DISTRALA
NULL,7598252002130,NIFEDIPINA L.P 30MG 30 TABL DISTRILAB
NULL,7598252101048,METRONIDAZOL 500MG /100ML AMP I.V DISTRA
NULL,7598252101093,CEFOTAXIMA 1G AMP I.V/.I DISTRALAB
NULL,7598252101116,AZITROMICINA 500MG X 3 TAB DISTRALAB
NULL,7598252101123,CEFADROXILO 500 X10 DISTRILAB
NULL,7598252101154,AMOXICILINA 500MG X10 CAP DISTRALAB
NULL,7598252101284,METRONIDAZOL 500MG X10 DISTRALAB
NULL,7598252101291,METRONIDAZOL 250MG/5ML X 100 ML DISTRALA
NULL,7598252101345,ACICLOVIR CREMA 15% 10G  DISTRALAB
NULL,7598252101352,LEVOTIROXINA SODICA 100MG X 10 TAB DISTR
NULL,7598252101390,GENTAMICINA 0,3% GTA OTICAS OFTX10ML
NULL,7598252101444,TIMOLOL MALEATO 10ML
NULL,7598252101536,BROMURO FR IPRATROPIO INH 20MCG 200DOSIS
NULL,7598252101567,CEFTRIAXONA 1GR X1 AMP DISTRALAB
NULL,7598252101659,NIFEDIPINA 30MG X 30 TAB
NULL,7598252101673,VALSARTAN 160MGX30TABL DISTRALAB
NULL,7598252101697,RIVAROXABAN 20 MG X 30 TAB DISTRALAD
NULL,7598252101703,RIVAROXABAN 15MG CJX30 TAB DISTRALAD
NULL,7598252101710,CANDESARTAN 16MG X 30TAB DISTRALAB
NULL,7598252101819,CITICOLINA 500MG X 30 TAB DISTRILAB
NULL,7598252101826,LAX POLV SOLUCION ORAL POLIETILE 3350
NULL,7598307000708,OPTOAZ 0.05%SOL OFT AZELASTINA X 5ML
NULL,7598429001027,ACIDO FOLICO 5MG/ML X 30ML CAMBRIDGE
NULL,7598429002444,GENTAMICINA 0.3% UNGUENT CAMBRIGE
NULL,7598429002529,BROMEXINA 4MG/5ML X 100 ML CAMBRIDGE
NULL,7598429002598,IBERSARTAN 300 MG X 10 TAB CAMBRIGE
NULL,7598429002635,NIFEDIPINO 20MG X 20 TAB CAMBRIGE
NULL,7598429002758,VALSARTAN 80 MG X 20 TAB CAMBRIGE
NULL,7598429002789,MULTIVITAMINAS JBA PED X 100 ML CAMCRIDG
NULL,7598429002796,CIPROFLOXACINA 0.3%SOL OTICAX10ML CAMBRI
NULL,7598429002802,CIPROFLOXACINA 0.3% DEXAMETA0.1% CAMBRIG
NULL,7598429002918,TINIDAZOL 500MG X 10 TAB CAMBRIDGE
NULL,7598431000056,ALIVERIO BROM PIVANERIO100MG+SIMETK300MG
NULL,7598455000063,PREDNISOLONA 1% GOTAS OFT BIOPRED BIOGL
NULL,7598455000087,GOTAS ARTIFICIALES 0.3% X15 ML BIOGLASS
NULL,7598455000094,AMIKACINA 500MG/2ML
NULL,7598455000124,BIODET 5ML DORZOLAMINA2%+TIMOLOL 0.5%
NULL,7598455000384,TIOCOLCHICOSIDO 4MG 2ML X 10 AMP BIOGLAS
NULL,7598455000445,BIODINA BRIMONIDINA TARTRATO 0.2% 5ML BI
NULL,7598455000452,CARBOXIMETILCELULOSA1%(BIOMETHIL)GOT OFT
NULL,7598455000469,CIPROFLOXACINA/HIDROCORTISONA GOTA BIOGL
NULL,7598455000476,BIOCLAR NAFAZOLINA 0.12MG/ML GOT OFT
NULL,7598455000483,OLOPATADINA GOTAS BIOGLASS 5 ML
NULL,7598455000513,MOXIFLOXACINA +DEXAME (BIOXIDEX) GOT OFT
NULL,7598455000520,BIOTILOL TIMOLOL 0.5% P/V 10ML BIOGLASS
NULL,7598455000551,BISOPROLOL 1.25 MG X 30 TAB BIOGLASS
NULL,7598455000582,CEFIXIMA 100MG/5ML X60ML SUSP BIOGLAS
NULL,7598455000612,NEBIVOLOL 5MG X30TABL BIOGLAS
NULL,7598455000629,|NITAZOXANIDA 100MG/5MLPEDX30ML BIOGLASS
NULL,7598455000681,SIMETICONA 160MG/10 CAP BIOGLASS
NULL,7598455000704,BIOSPROMOL LATANOPROS/TIMOLOL  SOLUC OFT
NULL,7598455000711,LATANOPROST 0.005%  BIOROST 2.5ML
NULL,7598484000010,ACETAMINOFEN GOTAS
NULL,7598484000027,ACETAMINOFEN 120 MG 5ML QUIM FAR
NULL,7598484000034,BROMEXINA JARABE 4MG 120ML
NULL,7598484000041,BROMEXINA JARABE 8MG/5ML X 120 ADU
NULL,7598484000218,FANASAL GOTAS ADULTO
NULL,7598484000232,FANASAL PED 15ML QUIM-FAR
NULL,7598484000515,PIPERZAN JBE 120 ML
NULL,7598484000829,CLOP JAB 120ML
NULL,7598484000867,MUCOFAR JAB ADULTO 120ML
NULL,7598484000881,MUCOFAR JAB PED 120 ML
NULL,7598484001017,AMOXICILINA 500MG X8 QUIMFAR
NULL,7598484001031,CIPROFLOXACINA 500      MG X 10 TAB
NULL,7598484001147,OMEPRAZOL 20  MG X14 CAPS QUIN-FAR
NULL,7598484001154,AMLODIPINA 5 MG X 30 TAB QUIMIFAR
NULL,7598484001215,METFORMINA 500MG X 30TAB QUIM-FAR
NULL,7598484001222,AZITROMICINA 500 MG TAB QUIM-FAR
NULL,7598504265580,JABON DE GLICERINA GLYCERIN BARRA 100 GR
NULL,7598578000025,AMOXICILINA 500MG X 10CAPS
NULL,7598578000063,CARBAMAZEPINA 200MG X 20TAB
NULL,7598578000117,CLONEDEX CREMA 20GR
NULL,7598578000186,SULTAMICILINA 750mg X 10 TAB
NULL,7598578000209,VALSARTAN 160 MG X 20 TAB DAC
NULL,7598578000223,LOSARTAN POTASICO 50MG X 30TAB
NULL,7598578000247,IBUPROFENO-TIOCOLCHICOSIDO 600MG-4MG 10
NULL,7598578000254,ATORVASTATINA 40MG X 30 TAB DAC
NULL,7598578000308,TIOCOLCHICOSIDO TAB 4 MG DAC55
NULL,7598578000360,CLONAZEPAM 2 MG X 30 TAB DAC
NULL,7598578000384,ACETAMINOF-TRAMADOL 325MG-37.5MG X30 TAB
NULL,7598578000391,ALPRAZOLAM 1 MG X 30 TAB DAC
NULL,7598578000407,ALPRAZOLAM 2MG X 30 TAB DAC
NULL,7598578000438,NITAZOXANIDA 500MG X 10 TAB DAC
NULL,7598578000452,CETIRIZINA 10MG X 10 TAB DAC
NULL,7598578000469,BACITRACINA 500 UI/g UNGUENTO
NULL,7598578000506,CLONEDACFEET (BIFONAZOL 1%)
NULL,7598578000520,GYNO CLONEDAC CREMA VAGINAL 6 APLIC
NULL,7598578000582,MUPIROCINA 2% UNGUENTO 30G DAC
NULL,7598578000599,TRIMEBUTINA 200MG X 10 TAB DAC
NULL,7598578000605,CLOPIDOGREL 75MG X 30 TAB DAC
NULL,7598578000612,CLONEDAC BABY 90GR DAC
NULL,7598578000629,AZITROMICINA 200M/5ML SUSP DAC
NULL,7598578000636,ESOMEPRAZOL  40MG X 20 ACP DAC
NULL,7598578000667,AMOXICILINA A/CLAVULANICO 600MG-42,9 PED
NULL,7598578000674,TAMSULOSINA 0.4MG X 30TAB DAC
NULL,7598578000698,NITAZOXADINA SUSP 100MG/5ML DAC
NULL,7598578000704,CEFIXIMA SUSP 100 MG/5ML DAC
NULL,7598578000711,CEFADROXILO 250MG/5ML SUP
NULL,7598578000759,AMOXICILINA 250MG/5ML EN 60ML DAC
NULL,7598582000011,CLINDAMICINA 1* X15 GR GEL TOPICO
NULL,7598582000042,BISOPROLOL /FUMARATO 2.5 MG X20 SPEFAR
NULL,7598650000189,BROMURO IPATROPIO + FENOTEROL BROMOHIDRA
NULL,7598650000530,OMEPRAZOL 40 MG X 10 CAP
NULL,7598650000660,CEFAZOLINA SODICA 0.5 GR JL PHARMA
NULL,7598650000677,AMOXICILINA/AC CLAVU 500MG/125MG PHARMA
NULL,7598658000136,FUXAL/NITROFURAZONA X 100MG GREENPHARMA
NULL,7598677000025,BETAMETASONA 0.05 CREMA 20G CLEO
NULL,7598677000032,DOXICILINA 100 MG X 10 CAP CLEO
NULL,7598677000056,HALOPERIDOL 5MG X 30 TAB CLEO
NULL,7598677000063,SERTRALINA 50MG X 30TAB CLEO
NULL,7598677000070,ONDANSETRON 8 MG X 10 TAB CLEO
NULL,7598677000087,OXCARBAMAZEPINA 300MG X 30 TAB
NULL,7598677000094,CLOUSAN LEVETIRACETAM 500MG 30 TAB
NULL,7598677000100,TRIMEDUTINA 200 MG X 10 TAB CLEO
NULL,7598677000117,PROGESTERONA 200MG X 30 TABL CLEO
NULL,7598677000193,MIRTAZAPINA 15MG X 30 TAB CLEO
NULL,7598677000230,KAZEPINA CEFIXIMA 400MG X10 TABL CLEO
NULL,7598677000292,SUCRALFATO 1GR X 10 TAB CLEO
NULL,7598677000315,ESCITALOPRAM 10MG X 30 TAB CLEO
NULL,7598677000346,DICLOFENA SODICO 0.1% GOTAS OFT X 5ML
NULL,7598677000353,PAROXETINA 20 MG X 30 TAB CLEO
NULL,7598677000384,CLOZAPINA 100MG X 30 TAB CLEO
NULL,7598677000391,CILOSTAZOL 50 MG X 30 TAB CLEO
NULL,7598677000407,OLANZAPINA 5 MG X 30 TAB CLEO
NULL,7598677000414,ESCITALOPRAM 5 MG X 30 TAB CLEO PHARMA
NULL,7598677000490,MIRTAZAPINA 30MG X 30TAB
NULL,7598677000506,NITROFURANTOINA 50 MG X10 CLEO
NULL,7598677000513,QUETIAPINA 25      MG X 30 CLEO 
NULL,7598677000520,TRIMEBUTINA MALEATO 300MG X 10 TAB CLEO
NULL,7598677000537,CLOUSAN LEVETIRACETAM 1000MGX 30TAB CLEO
NULL,7598677000605,CEFIXIMA 400MG X5 TABL CLEOPHARMA
NULL,7598677000711,CILOSTAZOL 100MG X30 MG CLEO
NULL,7598756325698,ARANDANO NEGRO 400MGX60TAB FITOSANA
NULL,7598800000052,PREGABALINA 75 MG  X 20 CAPSULA
NULL,7598800000076,ESOMEPRAZOL 40 MG X 20 TAB JD PHARMA
NULL,7598800000137,AMOXICILINA875MG ACIDO CLAVUL125MG JDPHA
NULL,7598800000229,OXCARBAZEPINA 300MG X 30 TAB JD PHARMA
NULL,7598813000186,ATORVASTATINA 40MG X10 MM
NULL,7598813000421,DESLORATADINA 5MG X10 TABL MM
NULL,7598828000867,ATORVASTATINA 20 MG X 30 TAB GLAFF
NULL,7598828000874,AZITROMICINA 500MG X 3TABL GLAFF
NULL,7598828000911,CLOPIDOGREL 75 MG X 30TAB GLAFF
NULL,7598828001062,BISOPROLOL 5MG X 30 TAB GLAFF
NULL,7598828001086,CETIRIZINA 10MG X 10 TAB GLAFF
NULL,7598828001093,PREGABALINA 75 MG X 20 CAO GLAFF
NULL,7598828001109,PREGABALINA 150 MG 20 CAP GLAFF
NULL,7598833000487,RIVAROXABAN 20MG X 30TAB  VERMA
NULL,7598833000685,PREGABALINA 75 MG X14 CAP
NULL,7598852000505,OMEPRUNI 40MG X1 AMP OMEPRAZOL UNIPHARMA
NULL,7598852000802,FLAVOXATO 200MG X20TBL UNIPHARMA
NULL,7598852001335,TOPICTUNI TOPIRAMATO 50MG X 10 TAB
NULL,7598852001656,CEFALEXINA 250MG/5ML SUSP X60ML UNIPHARM
NULL,7598852001687,METILDOPA 250 MG X30 UNIPHARMA
NULL,7598852001694,NISTATINA SUSP ORAL 100.000UI/ML X 30 ML
NULL,7598869000109,ATORVASTATINA 40MG X 30TAB NIO PHARMACEU
NULL,7598869000116,ATORVASTATINA 20 MG X 30TAB NIO PHARMA
NULL,7598869000185,MELOXICAN 7.5MG X 10 TAB NIO PHARMACEUTI
NULL,7598869000307,CLINDAMICINA 300 MG NIO PHARMACEUTICA
NULL,7598869000468,FEXOFENADINA 120 MG X 10 TAB NIO
NULL,7598869000567,NIFEDIPINA LP 20MG X30 TABL NIO
NULL,7598869002042,HIOSCHINA N-BUTILBROMURO10MG X 10TAB NIO
NULL,7598869002110,CINARIZINA 25 MG X 20 TAB NIO PHARMACEUT
NULL,7598869002134,METRONIDAZOL 500 MG X 10 TAB
NULL,7598869002172,QUEATIAPINA 25 MG X 30 TAB
NULL,7598869002219,SERTRALINA 50MG X 10TAB NIO PHARMACEUTIC
NULL,7598981000469,ATENOLOL 100MG X30 TABL JMW
NULL,7598981001060,RIFAXIMINA 200MG X 30TABL JMW
NULL,7598981001657,LAMOTRIGINA 50MG X 30 TAB GEMA
NULL,7598981002470,ATORVASTATINA 40 MG X30 TABL JMW
NULL,7598981002609,METFORMINA 500 MG X 60 TAB JMW
NULL,7599028000794,COLAGENO HIDROLIZADO 400MG X30 CAP LYA
NULL,7599043000243,MELATONINA CON VIT B6 X 30CAP FARVIT
NULL,7599111000182,GEL CORPORAL ARNICA
NULL,7599111000199,GEL CORPORAL ARNICA  ROLL-ON
NULL,7599112000013,CLOPTAN 75MG X30 TABL CLOPIDOGREL ZORIAK
NULL,7599112000099,PREGATAN/PREGABALINA 75MG X30 ZORIAK
NULL,7599112000105,TAMSUPROS 4MG X30 TAMSULOSINA ZORIA
NULL,7599112000150,ROSUTAN 10MG X30ROSUVASTATINA ZORIAK
NULL,7599112000235,CLORTIDEN/CLORTALIDONA 12.5 MG X30 TABL
NULL,7599112000334,BITRILA 50MG/SACUBITRILO/VALSARTAN X30
NULL,7599513000117,VALACICLOVIR 1000MGX 10 TAB VINCENTI
NULL,7599608000497,ATENOLOL 50MG X 30 TAB ZUZU
NULL,7599608000992,CLOTRIMAZOL 1% CREMA ZUZU
NULL,7599608001258,ESOMEPRAZOL 20MG X20 CAP ZUZU
NULL,7599608001487,TIPOFREN TABL /IBUPROFENO-TIOCOL 600/4MG
NULL,7599608001814,LOSARTAN POTASICO 50MG X 30 TAB ZUZU
NULL,7599608002620,VANCOMICINA 1 G AMP I.V. ZUZU
NULL,7599608002781,LIDOCAINA AL 2% 50ML ZUZU
NULL,7599608003412,OMEPRAZOL 40MG AMP IV POLVO X 1
NULL,7599608003429,PREDNISOLONA 3MG/ML X 60 ML ZUZU
NULL,7599608003726,DISPERID DIOSMINA/HESPERIDINA 450-50MG
NULL,7599700000067,ARANDANO ROJO X60TABL FITOSANA
NULL,7599700000234,CITRATO DE POTASIO 60TABL FITTOSANA
NULL,7599700000340,GLUCOSAMINA/CONDROITINA 60TABL FITTOSANA
NULL,7599700000357,GLUCOSAMINA X 60 TAB
NULL,7599704000209,CIPROFLOXACINA 500MG X10 TABL BIO VENEZ
NULL,7599704000223,METRONIDAZOL 500MG X 10 TAB BIO VENEZUEL
NULL,7599762000241,CLORURO DE SODIO 0.9% 500 ML
NULL,7599794000042,(BIOTELMIC)-TELMISARTAN 80 MGX30
NULL,7599895000026,HYDREC/HIDROCORTISONA 500MG X1 AMP ACEC
NULL,7599910792516,MINOXIDIL 5% X 60ML SGG
NULL,7599910793599,MUPIROCIN 2 X15 GR UNGUENTO SGG
NULL,764451895423,TIOCOLCHICOSIDO 4MG X 2ML GLOBAL MEDIC
NULL,769229220612,VIAJESAN TAB 50 MG X 10
NULL,769503927770,CIPROFLOXACINA 200MG/100ML AMP I.V. GAMA
NULL,7702184020388,FEXOFENADINA 30MG/5ML EM 150ML ECAR
NULL,7702184590010,BISACODILO(FARMALA) 5MG X 10 TAB ECAR
NULL,7702184590096,FARMALAX BISACODILO 5 MG BLISTER ECAR
NULL,7702605102617,TINIDAZOL 1 GR GENFAR X 4 TAB
NULL,7702605103652,SULFADIAZINA DE PLATA 1% CREMA GENFAR
NULL,7702605108626,CIPROFIBRATO 100 MG X 20 TAB GENFAR
NULL,7702661341265,CREMA CERO CALENDULA Y VIT E 30 GR
NULL,7702661343061,CREMA CERO CALENDULA Y VIT E 50 GR
NULL,7703038040293,ACETAMINOFEN TAB 500      MG X 10
NULL,7703038045519,NIMESULIDE 100      MG X 10 TAB LAPROF
NULL,7703038061045,LORATADINA JARABE
NULL,7703038065616,SALBUTAMOL JARABE120ML
NULL,7703038065630,ACETAMINOFEN JAB CEREZA 90L
NULL,7703038065685,CLOTRIMAZOL 1% 40GR CREMA
NULL,7703038943150,MOMETASONA FUROATO 0.1% LA PROFF
NULL,7703153013059,COMPLEJO B AMP 2ML X 3 COLMED
NULL,7703153019914,SECNIDAZOL TAB 1GRX2 COLMED
NULL,7703153020064,AMBROXOL JBE PED 15MG/5MLX120ML COL
NULL,7703153020071,AMBROXOL JBE 30MG/5MLX120ML COLMED
NULL,7703153020330,ORLISTAT 120MG X 30 CAP COLMED INCONTINE
NULL,7703153020354,FLUCONAZOL TAB 150      MG X 2 COLMED
NULL,7703153028053,ADELLA 21 COMP
NULL,7703153034726,PANTOPRAZOL 20  MG X 10 TAB COLMED
NULL,7703153037512,ALBISEC CAP X 12
NULL,7703281008422,DERMACORTINE LOC 0.1% X 30ML
NULL,7703333007007,BETARRETIN LOC AL 0,05% X 60 ML
NULL,7703712010895,DOLICO GRIP NOCHE (SOBRES) COASPHARMA
NULL,7703712030091,ANTIACIDO X150 ML SUSP ORAL
NULL,7703712030152,AZITROMICINA PVO 200MG/X 15ML
NULL,7703712030206,AZITROMICINA 500MG X 3 TAB
NULL,7703712030237,DICLOFENACO GEL 1% COASPHARMA
NULL,7703712030367,KETOCONAZOL 200 MG X 10 TAB COASPHARMA
NULL,7703712030459,NAPROXENO 250MG X 10 TAB COASPHARMA
NULL,7703712030527,IBUPROFEN SUSP PED 100MG/5 X 120ML
NULL,7703712030695,CLOFENIRAMINA MALEATO 4MG X 20TAB COASPH
NULL,7703712030701,MEBENDAZOL 100ML/5ML COASPHARMA
NULL,7703712030787,SILDENAFILO 50MG X 2
NULL,7703712030855,GLIBENCLAMIDA 5MG X 30 TAB COASPHARMA
NULL,7703712030930,PIROXICAM 20MG X10 CAP COASPHARMA
NULL,7703712030992,CLOTRIMAZOL CREMA VAGINAL 40G 1 %
NULL,7703712031067,TINIDAZOL 500 MG X 8 TAB COASPHARMA
NULL,7703712031388,NISTATINA 1000.000 IU/MLSUSPX60ML COASPH
NULL,7703712031456,METRONIDAZOL 250MG/5ML SUSP X 120ML COAS
NULL,7703712031463,PROPRANOLOL 40MG X10 TAB
NULL,7703712031661,FLUOXETINA 20MGX14TAB COASPHARMA
NULL,7703712031722,TRIMEBUTINA MALEATO 200MG X 20 TAB COASP
NULL,7703712031784,LORATADINA 10MG X 10 TAB COASPHARMA
NULL,7703712031906,ACICLOVIR 15 G 5% GENERICOS COASPHARMA
NULL,7703712032019,HIOSCINA N-BUTILBROMURO
NULL,7703712032439,CLARITROMICINA SUSP 250MG 5ML COASPHARMA
NULL,7703712032538,CLOTRIMAZOL CREMA TOPICA 40GR
NULL,7703712032552,DOXICICLINA 100MGX 10CAP COASPHARMA
NULL,7703712032620,FLUCONAZOL 200 MG X5 CAP COASPHARMA
NULL,7703712032705,FLUNARIZINA 10MG X 20 TAB COASPHARMA
NULL,7703712033061,METOCLOPRAMIDA 4MG/ML 30ML COASPHARMA
NULL,7703712033252,LORATADINA 1MG/ML JBEX120 COASPHARMA
NULL,7703712033344,AMOXICILINA 250MG/5ML X 100ML COASPHARMA
NULL,7703712033405,ALBENDAZOL 200 X 2 TAB
NULL,7703712033412,ALBENDAZOL 4% 10 ML COASPHARMA
NULL,7703712034204,SECNIDAZOL 1 G X 2 TAB QUALITYMED
NULL,7703712034631,DESLORATADINA 5 MG X 10 TAB
NULL,7703712034679,HIDROCORTIZONA 1%X 15G COASPHARMA
NULL,7703712034693,LOSARTAN POTASICO 50MG X 30 TAB
NULL,7703712035034,SULFADIAZINA DE PLATA CREMA COASPHARMA
NULL,7703712035256,ACICLOVIR 800 MG X 10 TAB QUALITIMED
NULL,7703712035454,ACETAMINOFEN JAB 150MG/5ML X 90ML COASPH
NULL,7703712035485,ANTI ACIDO SUSP ORAL 360ML
NULL,7703712035768,DESLORATADINA 0.05%SOL ORAL 60ML COASPHA
NULL,7703712036055,NITAZOXANIDA 500MG X 6 TAB COASPHARMA
NULL,7703712036178,ACETAMINOFEN DOLINFAR 100MG/ML 30ML COAS
NULL,7703712036499,NAPROXENO 500MG X10 TABL COASPHARMA
NULL,7703712130531,PREDNISOLONA 5      MG X 15
NULL,7703763000999,TIDOR DORZOLAMINA2%TIMOLOL 0.5% PHARMATI
NULL,7703763050901,ROSUVASTATINA 10MG X30 TABL LA SANTE
NULL,7703763070282,AMOXICILINA TAB 500      MG X 12 ELTER
NULL,7703763070299,AMOXICILINA TAB 500      MG X 6  ELTER
NULL,7703763100194,CAPTOPRIL TAB 25      MG X 20  ELTER
NULL,7703763190164,SERTRALINA TAB 50      MG X 10 ELTER
NULL,7703763190270,LOSARTAN POT+HIDRO 50/12,5 X 15 ELTER
NULL,7703763222896,TADALAFILO 20 MG TAB LA SANTE
NULL,7703763268863,CIPROFIBRATO 100MG X30TABL LA SANTE
NULL,7703763301133,CIPROFLOXACINA 500       MG X6 TAB LAS
NULL,77037633011330,CIPROFLOXACINA 500      MG X 6
NULL,7703763324019,CLOPIDOGREL COM 75 MG X 14 ELTER
NULL,7703763341092,VALSARTAN+HIDROCLOT TAB 80/12,5X14
NULL,7703763363063,LEPRIT TAB 25 MG X 30
NULL,7703763393053,DESLORATADINA JBE PED 2,5/5 ML X60
NULL,7703763399871,ROSUVASTATINA 20MG X 30 TABL LA SANTE
NULL,7703763478682,OLANZATIQUE (OLANZAPINA) 5MG X 14 TAB
NULL,7703763515547,ESCITALOPRAM 20MG X 30 TAB LA SANTE
NULL,7703763521623,ESCITALOPRAM 10 MG X 30 TAB LA SANTE
NULL,7703763576586,CARVEDILOL 12.5MG X30 LA SANTE
NULL,7703763631117,FEXOFENADINA 120      MG X 10 TAB ELTE
NULL,7703763638208,RIXIGAL/RIFAXIMINA 100MG/ML PHARMETIQUE
NULL,7703763641000,TERBINAFINA 250MG X 14 TAB LA SANTE
NULL,7703763660131,CLARITROMICINA TAB 500        MG X10 E
NULL,7703763672240,MINOXIDIL 5 X60ML PHARMETIQUE
NULL,7703763700219,AZITROMICINA 500      MG X 5 TAB ELTER
NULL,7703763712724,CARVEDILOL 6,25MG X 30 TAB ELTER
NULL,7703763752089,VIT C 500      MG TAB MAST LA SANTE (P
NULL,7703763861002,BUMETIN RETARD TAB 300MG X 20
NULL,7703763875993,AMPICILINA 250      MG /5ML X 60ML LA
NULL,7703763895779,ROSUVASTATINA 20MG X10 TABL LA SANTE
NULL,7705959003609,CARBIDOPA LEVODOPA 25MG-250MG X 30TAB GE
NULL,7706569001160,CEFALEXINA 250MG/5ML SUSP X 60ML AG MEDI
NULL,7706569001450,NAPROXENO 500MG X 10 TABL AG
NULL,7707184161420,CLOTRIMAZOL 1% CREMA VAGINAL FARMIONNI
NULL,7707236120450,AMPICILINA AMP 1 G VITALIS
NULL,7707236123291,CEFEPIMA AMP 1 G VITALIS
NULL,7707236127503,HIDROCORTIZONA 500MG AMP
NULL,7707274721206,SACRUSYT SALBUTAMOL INH 200 DOSIS
NULL,7707355050232,DESONIDA CREMA 0,05%
NULL,7707355050249,DESONIDA CREMA 0,1% 15GR
NULL,7707355054186,TIROXIN 100MCG X 50 SIEGFRIED
NULL,7707355054230,TIROXIN 50MCG X 50 SIEGFRIED
NULL,7707355054346,NOXPIRIN NOCHE 10GR
NULL,7707355054995,QUANOX IVERMECTINA GOTAS 0.6% 5ML
NULL,7708605414224,KETOROLACO 30MG X 4 TAB FELIRNI
NULL,7730969306891,MIGRADORIXINA 125MG/1MG X 10 COMP MEGALA
NULL,7730969306907,DORIXINA FLEX 125MG/5MG X10 MEGALABS
NULL,7730969306976,PLIDAN COMPUESTO 10 COMP
NULL,7730969307683,BIRGIT PLUS METFORMINA/SITAGLIPTINA
NULL,7750215003817,KETOCONAZOL CREM. 2% X 30 GR GENFAR
NULL,7750215008751,CLOPIDOGREL 75MG X 30 TAB PORTUGAL
NULL,7750215027073,ALERLIV (LEVOCETIRIZINA DICLOR) 5MG X 30
NULL,7750215029381,PREDNISONA 50MG X 10 TAB PORTUGAL
NULL,7750215029626,CLOTRIMAZOL 500MG X 2TAB VAGIN PORTUGAL
NULL,7750215032657,PREDNISONA 5MG/5ML 60ML JBE
NULL,7750215136249,CLOTRIMAZOL CREMA TOPICA 1% 20 G
NULL,7750778000087,PREDNISOLONA ACETA 1% (PREDSO) SUSP OFT
NULL,7750778001503,XENDA LATANOPROST 0.005% SOLU OFT LANSIE
NULL,7770108122203,CLOTRIMAZOL VAG 1 % 30 G ARTE M
NULL,7770108671022,AMOXICILINA 500MG X 10 CAPS AMOXIPRAD
NULL,7770108671039,AZITROMICINA 500 MG X 5 COMP ARTE M
NULL,7770108671503,METRONIDAZOL500MG X7 OVULOS ARTE MEDICO
NULL,7791848250414,DIOSM 450MG HESPER 50MG FLEVOMAX 30TAB
NULL,7791848257024,NEUMOTIDE FLUTICASON/SALMETEROL 125MG/25
NULL,7791848265029,CANDESARTAN 8MG X 30TAB DACTEN
NULL,7791848265043,CANDESARTAN (DACTEN)16MG X 30TAB ELEA
NULL,7795360008225,DICLOFENAC SODICO  0.1% SOLC OFT  DOROPH
NULL,7795360008249,KETOROLAC 0.5% SOLUC OFTAL DOROPHARMA
NULL,7795368055184,GLAUCOPROST SOL OFT 0.004% X3ML
NULL,7796285053468,CRISPLUS ORLISTAT 120 MG ELEA
NULL,7796285283469,NEUMOTEROL BUDESONIDA + FORMOTEROL ELEA
NULL,7798032938486,COLESTRAX (ROSUVASTATINA) 10MG
NULL,7798032938493,COLESTRAX ROSUVASTATINA 20MG X 35 COMP
NULL,78000611000390,KETOROLACO 30MG X1ML I.M I.V BIOSANO
NULL,7800063001494,PROPRANOLOL CLOHIDRATO 10MG X 20 COMP
NULL,7840108350132,NIFEDIPINA LP 30MG X 30 TAB JD
NULL,7840282039298,RIFAMICINA SOL 25ML  ZUKATI
NULL,7861148020441,GIVOTAN TABR 500MG X 6
NULL,7861148022612,RITROMI /CLARITROMICINA 125MGX 60ML MEGA
NULL,7861152102539,EUTEBROL MEMANTINA 10MG X30 COMP ADIUM
NULL,788070552626,VALSARTAN 160MG X 30 TAB MEDRIKHA
NULL,788070552765,BUDESONIDA 200 MCG
NULL,788070552772,NITAZOXANIDA 500 MG X 6 TAB MEDRIKHA
NULL,788070552789,NITAZOXANIDA 100GR /5ML 30ML MEDRIKHA
NULL,788070552819,CEFIXIMA 400MG X5 TABL MEDRIKHA
NULL,788070552826,VALSARTAN 160MG X30 TABL MEDRIKHA
NULL,788070552857,DIOSMINA 600MG X 20 TAB MEDRIKHA
NULL,788070552864,RIVAROXABAN 20MG X 30 TAB MEDRIKHA
NULL,788070552888,METFORMINA+SITAGLIPINA 500MG/50MG X 30TA
NULL,788070552901,ATORVASTATINA 40 MG X 30 TAB
NULL,788070552918,TRIMEBUTINA 200MG X10 TABL MEDRIKHA
NULL,788070698616,TERMISUR/TELMISARTAN 40MG X30 SNC
NULL,788364681362,SOLFEM CLINDAMICINA/KETOCONAZOL X5
NULL,7894164006007,VITAXON C +ZINCO EFERVECENTE
NULL,7894164009633,SUERO TUTTI FRUTTI X 500 ML SALUDX
NULL,7894164009640,SIMETICONA 75MG/ML SOL GOTAS 15ML
NULL,7894164009657,SIMETICONA 125MG/CAP
NULL,7894164009664,LECHE DE MAGNESIA 100 ML
NULL,7894916145145,LOSARTAN POTASICO 50MG X30 COMP LG
NULL,7896112114185,LOSARTAN POTASICO 50      MG X 30 TAB
NULL,7896112114413,BROMURO DE IPATROPIO GOTAS TEUTO
NULL,7896112116660,CAPTOPRIL 25MG X 30TABL TEUTO
NULL,7896112141655,COLIRIO TEUTO
NULL,7896112189923,CARBIDOL/CARBIDOPA/LEVODOPA 25MG/250MG
NULL,7896112401728,SIMETICONA 125 MG 10 CAP BIOLAB
NULL,7896523202600,NARIX SOLUCION NASAL X30ML CIMED
NULL,7896523208022,KETOCONAZOL SHAMPOO ANTICASPA CETOCONAZO
NULL,7896523208770,FLUCONAZOL 150X 2 CAP
NULL,7896523208893,NITRATO DE MICONAZOL 20MG
NULL,7896523209845,CAPTOPRIL 25 X 30 COMP CIMED
NULL,7896523210070,HIDROCLOROTIAZIDA 25      MG X 30 TAB
NULL,7896523213989,GLIBENCLAMIDA 5MG X 30 COMP CIMED
NULL,7896523216812,DIAD LEVONORGESTREL 1.5MG X 1 CPM CIDME
NULL,7896523226675,SIMETICONA 125 MG X 10 TAB
NULL,7896714203768,DIOSMINA+ HESPERIDINA 450 MG/50 X30FLAV
NULL,7896714208565,LOSARTAN POTASICO 50MGX 30 TAB
NULL,7896714211978,HIDROCLOROTIAZIDA 25 MG X 30 TAB NEOQUIM
NULL,7896714213446,NEODIA X 1
NULL,7896714215129,ATENOLOL 50MG X 30 TAB NEOQUIMICA
NULL,7896714217093,GLIBENCLAMIDA 5MG X 30 COMP NEO QUIMICA
NULL,7896714231143,NEOSORO CLOHIDRATO DE NAFASOLINA NEO QUI
NULL,7896714265766,NISTATINA 100.000 CREMAX60GRX14APLI
NULL,7896714273785,SIMETICONA 125MG X 10 CAP NEO QUIMICA
NULL,7897917005654,LECHE MAGNESIA 100ML
NULL,7898049797851,SECNIDAZOL 1000 MG X 2 TAB VITAMEDIC
NULL,7898100242900,GRIPALCE X 20 CAP BRASTERAPIA
NULL,7898133136634,ARLIVRY HEDERA HELIX 7MG/100ML
NULL,7898133136757,HEDERA HELIX L 7 MG7ML ARLYVRY JBE X 100
NULL,7898277713272,COMPLEJO B GOTAS 30ML ADULT Y PED
NULL,7899095203518,GINO -COLON TINIDAZOL+MICONAZOL CR VAGIN
NULL,7908020502586,LINOFEME X 21 COMP
NULL,7908020503125,POSLOV LEVONORGESTREL 1.5 MG X 1 COMP
NULL,791466993394,AMOXICILINA (AMOXIPRAD) 500MG X10 CAP DP
NULL,791466993424,DROPRES TAB 8MG X 10 CANDESARTAN CILEX
NULL,791466993431,CANDERSARTAN 16MG DOPRES DPT
NULL,791466993486,ESOMEPRAZOL MAGNESICO 20 MG NEXPLUS DPT
NULL,791466993516,OLMESARTAN 20MG X 10 TAB OLMEPLUS DPT
NULL,791466993554,AZITROMICINA 220MG/5ML DPT
NULL,791466994377,BETAMET+GENTAM+CLOTRI (TRICUDERMA)
NULL,791466994919,DIAPAGLIX DAPAGLIFOZIN 10MG X 30 TAB DPT
NULL,791466995923,QUETIAPINA PLUS 100MG X 10 TAB DPT
NULL,791466995930,QUEATIAPINA PLUS 200MG X 10 TAB DPT
NULL,791466995992,TENSOPRES TELMISARTAN 80MG X 30 TAB DPT
NULL,791466996166,NEXPLUS ESOMEPRAZOL 40MG X30CAP DPT
NULL,791466996210,9-VIT NATAL X 30 TAB DPT
NULL,791466996289,AMOXICILINA 875 MG /AC CLAV 125 MG 8 TAB
NULL,791467000442,SULPRAD SULTAMICILINA 750MG X 10 TAB DPT
NULL,793869810414,PANTOPRAZOL 40MG X 10 TAB DISKAM
NULL,793969785162,NIFEDIPINA30MG LP X 30 TAB  H&M
NULL,795853122213,METFORMINA 850MG X30 TABL BIUMAK
NULL,796167622574,CIPROFLOXACINA 500 MG X 10 TAB NY PHARMA
NULL,796554975917,KETOPROFENO 100 MG AMP
NULL,799192573064,MACA 300MG X30CAP NATURISTIK
NULL,81679,AMBROXOL CLORHIDRATO 30MG/5ML JBE BIOMEK
NULL,82228,DIPIRONA AMP 1G/2ML
NULL,8470007990154,BUDESONIDA 200CG/200DOSIS VISUAL PHARMA
NULL,85214,BUPIVACAINA CLOHIDRATO HIPERBARICA AMP
NULL,8680199015447,NEBOLOL 5MG X 28 TAB ARTE MEDICO
NULL,8680199015492,RINICORT MOMETASONA 50 MG ARTE MEDICO
NULL,8680199015591,LAXAPRO LACTULOSA 10G/15ML ARTE MEDICO
NULL,8901079006974,EMNORM/METFORMINA 500MG X30 TABL IPCA
NULL,8901117247888,SALBUMED 100MCG 200 DOSIS
NULL,8901463131190,FEXOFENADINA CLORHIDRATO 120MG X 10 TAB
NULL,8901463131206,AMOXICILINA 125MG/5ML SUSP 100ML BIUMAK
NULL,8902297021855,LORATADINA 5MG/5ML JARB DROTAFARMA
NULL,8902297021909,FINALGRIP X 10 TAB
NULL,8902297022340,OMEPRAZOL 40 MG X 10 TAB DROTAFARMA
NULL,8902297022586,NITROFURANTOINA 50MG X10
NULL,8902297022890,AMBROXOL 30MG/5 ML X120ML DROTAFARMA
NULL,8902297022944,DIOSMINA 600MG X14 ARTE MEDICO
NULL,8902297024207,OLANZAPINA  10MG X 30TAB DROTAFARMA
NULL,8902297025051,PREDNISOLONA 3MG/ML X60ML DROTAFARMA
NULL,8902297026324,BISACODILO 5MG X20TAB SANALAX
NULL,8902502111005,ATENOLOL 100MG X 10 (BLISTER)
NULL,8903077801313,ACIDO VALPROICO 500MGX10 TAB BLIST
NULL,8903489000153,CAPTOZ/CAPTOPRIL 50MGX30TABL ZORIAK
NULL,8903489000177,ENATAN/ENALAPRIL 10MG X30TABL ZORIA
NULL,8903489000252,CIPROTAN/CIPROFLOXACINA 500MG X20 TABL
NULL,8903489000771,OGASTAN/OMEPRAZOL 20MG X30 CAP
NULL,8903489001747,CLAVUTAN/AMOXICILINA/AC 875MG X10TABL
NULL,8904030802042,GENTAMICINA 0.3% GOTAS OTIC OFTX 10ML
NULL,8904097387148,CO-AMOXICILINA 875MG/125 ACID CLAVU ADN
NULL,8904151800064,AZITROMICINA SUSP 200MG/5ML FAHD
NULL,8904151838470,AMOXICILINA 250MG/5ML SUSP FAHD
NULL,8904151838494,IBUPROFENO SUSP 200MG/5MLX100ML FAHD
NULL,8904151838500,METRONIDAZOL 250MG/5ML X100ML SUSP FAHD
NULL,8904159499789,KETOPROFENO 100MG X 10TAB ADNMEDICAL
NULL,8904178921858,PREDNISONA 15MG/5ML JBE PED ARTE MEDICO
NULL,8904178930348,CLOBETASOL CREMA TOPICA 25 G
NULL,89041797,SILDENAFIL 50MGX 4 TAB ARTE MEDICO
NULL,8904179732828,AMLODIPINA 5 MG X 30 TAB ARTE M
NULL,8904179732842,AMLODIPINA 10 MG X 30 TAB ARTE M
NULL,8904179732866,BETAHISTINA 16 MG X 10 TAB ARTE M
NULL,8904179732873,SILDENAFIL 50MG X 4 ARTE MEDICO
NULL,8904179733887,OMEPRAZOL 20MG X 10 CAP ARTE MEDICIO
NULL,8904179736055,PROGESTERONA 200MG X30TAB (PROGESTEL)
NULL,8904180212890,BIOSACODILO 5MG X 10 TAB JMW
NULL,8904187815223,SALBUTAMOL 2.5MG SOLP/NEBU15ML BIOMEDIC
NULL,8904187816824,AMPICILINA 1GR AMP X1 OVEROL
NULL,8904187822801,AMOXICILINA SUSP 125MG 5ML
NULL,8904187826557,LEVONORGESTREL 1.5MGX1 TABL OVEROL
NULL,8904187829503,CLOTRIMAZOL OVULOS X6 + APLICADOR TIARES
NULL,8904187830677,CLOTRIMAZOL 500MG X 1 OVULO
NULL,8904187831766,CLONAZEPAM 2 MG X 30 TAB KUALITY
NULL,8904187838635,LEVONORGESTREL/ETINILESTRADIOL X21 OVERO
NULL,8904187866065,METRONIDAZOL-MICONAZOL 750MG-250MG 6 OVU
NULL,8904187868601,SILDENAFIL 50 MG X 4 TAB BIOMEDIC
NULL,8904187873339,ALPRAZOLAM 1MG X 30 TAB KWALITY
NULL,8904187876484,SUCRALFATO 1GR X20 PASTILLA ADN
NULL,8904187879973,IBUPROFENO 600 MG X 10 TAB BIOS-VITA
NULL,8904187880023,NEURAL - B COMPLEJO B X 30 TABL BIOVENEZ
NULL,8904187881303,CLINDAMICINA-KETACONAZOL100MG-400MG TIAR
NULL,8904187885998,ESTROGENOS CONJUGADOS 0.625MGX 47G
NULL,8904187887039,COMPLEJO B CON LIDOCAINA 3 AM X3ML BIOS
NULL,8904187887794,CLINDAMICINA 100 MGX 3 OVULOS VINCETI
NULL,8904187887831,HIOSCINA- IBUPROFENO 20MG/400MG 10 TABL
NULL,8904187889507,CEFAZOLINA 1G AMP I.M/I.V
NULL,890418826557,LEVONORGESTREL 1.5MG X1 TABL OVEROL
NULL,8904209411075,GLIBENCLAMIDA 5MG X10 COMP VICENTI
NULL,8904209413635,DEXAMETASONA 4MG X 10 TAB
NULL,8904210707068,ENALAPRIL 5MGX 30TAB BIONAPRIL
NULL,8904210707099,TELMISARTAN 80MG X 30TAB BIO-MERCY
NULL,8904210707105,BIOTELMIC (TELMISARTAN 40MG X30TAB) BIO
NULL,8904210707167,NIFEDIPINA LP 30MG X 30 TAB BIODIPINA
NULL,8904210707389,METFORMINA 1000MG X 30 TAB BIO-MERCY
NULL,8904210808246,CEFADROXILO 500MG X 10 TAB BIOMERCY
NULL,8904250515456,ESTRASYN ESTRADIOL CREMA VAGINAL 0.01%
NULL,8904250520665,GESTASYN 100MG X10TAB VAG TIARES
NULL,8904250520757,CLOTRIMAZOL 1% CREMA VAGINAL X 50G TIARE
NULL,8904250520764,CLOTRIMAZOL 2% CREMA VAGINAL TOPICA
NULL,8904250520771,GESTASYN 200 MG X 10 TAB VAG TIARES
NULL,8904250520900,CICLOGYNON 21TAB TIARES
NULL,8904250520917,DANI 35 ANTICONCEPTIVO X21
NULL,8904250535454,CELESTREL DESOGESTREL0.075MGX 28TAB TIAR
NULL,8904255500198,LERCANIDIPINA 10 MG X 30 TAB ZUZU
NULL,8904278576453,VITAMINA C 1000 MG X 20 TAB WEST-COAST
NULL,8904278577474,CITICOLINA 500 MG X 10 TAB
NULL,8904278577528,IVERMENTINA 6MG X 10TAB FAHD
NULL,8904278577535,MUPIROCIN UGUENTO X15 GR FAHD
NULL,8904278577733,CREM CLOHIDRATO TERBINAFINA 1%
NULL,8904278581532,OMEPRAZOL 20MG X14 CAP FAHD
NULL,8904278589033,RANITIDINA 150MG X 30 TAB COAST
NULL,8904278589040,RANITIDINA 300 MG X 30 TAB COAST
NULL,8904278589057,CLARITROMICINA 500MG X10 COMP HUMAN
NULL,8904278589064,CLARITROMICINA 250MG/5ML SUP WEST-COAST
NULL,8904278589569,OLMESARTAN 40 MG X 30 TAB WEST-COAST
NULL,8904278589576,NISTATINA 1000.000UI CREMA COAST
NULL,8904278589583,PROPINATO DE CLOBETASOL 0.05% CREMA
NULL,8904278590688,BECLOMETASONA+GENTAMICI+CLOTRIMAZ FAHD
NULL,8904278592644,FLUCONAZOL GEL 15G X 0.5%     2N
NULL,8904278593436,ACICLOVIR CREMA USO TOPICO 10G
NULL,8904278593818,FLUCONAZOL GEL 0.5 15GR 2N
NULL,8904278594921,ALBENDAZOL 400MG/10ML SUSP 2N
NULL,8904278595874,GLIMEPIRIDA 4MG X 30 TAB 2N
NULL,8904278689627,PARACETAMOL 500MG ANTIGRIPAL (SOBRES)
NULL,8904278689726,ESPIRONOLACTONA 25 MGX 30 TAB COAST
NULL,8904306502331,PRISMAROX PAROXETINA 20MG X10 PRISM
NULL,8904306503499,AMIKACINA 500MG/2ML I.V/I.M PRISM
NULL,8904307700859,THYRONA 50MCG X 100 TAB
NULL,8904307700866,THYRONA 100MCG X 100 TAB
NULL,8904307705342,SALMETEROL& FLUTICASONA PROPINATO 25/250
NULL,8904307705601,BUDESONIDA 2ML SOL/NEBULIZARX 5AMP ALFA
NULL,8904324100571,AZITROMICINA 200MG/5ML X15 ML ZAKIMED
NULL,8904324101196,MONTELUKAST 10MG X 30TAB ZUZU
NULL,8904324101219,BISOPROLOL 5 MG X 30 COM ZUZU
NULL,8904324101325,OLMESARTAN 40MG X 30TAB ZUZU
NULL,8904324101400,LOPERAMIDA 2MG X 20 CAP ZUZU
NULL,8904324101585,SILDENAFIL 100 X4 TABL BIOGRA
NULL,8904324101875,MULTIVITAMINAS 60 TAB PHARMACOLINA
NULL,8904324102254,ACETAMINOFEN 120 MG SUSP ZAKIMED
NULL,8904324102353,AMBROXOL 30MG/5ML JAB ADULT ZAKIMED
NULL,8904324102377,METFORMINA/SITAGLIPTINA 500/50 ZAKIMED
NULL,8904324102384,METFORMINA 1GR X30 TABL ZAKIMED
NULL,8904324102629,TELMISARTAN 400MG X 30TAB ZUZU
NULL,8904324102636,TAMSULOSINA 0.4MG- DUTASTERID 0.5MG X 30
NULL,8904324102650,SERTRALINA 50 MG  X10 COMP ZUZU
NULL,8904324102667,SECNIDAZOL 500MG X 4 COMP ZUZU
NULL,8904324102698,NIFEDIPINA 30 MG X 30 TAB ZUZU
NULL,8904324102711,NAPROXENO SODICO TAB 55 MG X 10 ZUZU
NULL,8904324102728,MELATONINA 5 MG X 30 TAB ZUZU
NULL,8904324102742,FINASTERIDE 5 MG X 10 TAB ZUZU
NULL,8904324102865,CIPROFLOXACINA 200MG/100ML ZAKI
NULL,8904324102872,BAYCOMED/CLOTRIMAZOL/NEOMICINA X20GR
NULL,8904324102889,ALBENDAZOL 200MG/5ML 10ML SUSP ZAKIMED
NULL,8904324102926,AZITROMICINA 200     MG/5ML X 30ML SUSP 
NULL,8904324104234,RANITIDINA150MG/10MLO JAB ZAKIRUL
NULL,8904324104302,CEFADROXILO 250MG/5ML SUSP ZAKIMED
NULL,8904324104319,AMOXICILINA 875MG ACID CLAVU 125MG X 10
NULL,8904324104326,CETIRIZINA 5MG/5ML JAB ZAKIMED X 60 ML
NULL,8906005111692,FLORINA LEVONORGE + ETINILETR X21 TAB
NULL,8906005112835,FLORINA- L X 21 TAB LEVONORGE + ETINILES
NULL,8906005117557,ITRACONAZOL 100MG X 10 CAP FARMAMED
NULL,8906005117656,ALOPURINOL
NULL,8906005117663,FLUOXETINA 20MG X 20 TAB FARMAMED
NULL,8906005117694,SERTRALINA 50 MG X 20 TAB FARMAMED
NULL,8906005118370,ACIDO MEFENAMICO 500MG X 10 TAB EVERMED
NULL,8906009231020,ANOMEX SUPOSITORIOS X 5
NULL,8906009238555,TRIMIC FORTE L SUSP VAGINAL X7
NULL,8906044710924,BROMURO DE IPRATROPIO 20MG/200 DOSIS
NULL,8906044711037,BUDESONIDA 200MCG/200 DOSIS INH DROTACA
NULL,8906044711358,FENALGEN-K 75MG 3ML X 10AMP
NULL,8906045360456,CETIRIZINA 5MG/5ML JBEX60ML ZUZU
NULL,8906045360487,HIERRO Y VITAMINA B12 JBE 120ML ZUZU
NULL,8906045361026,AMOXICILINA 875MG/ACID CLAV 125MG ZUZU
NULL,8906045361101,OLANZAPINA 5MG X 30 COMP ZUZU
NULL,8906045361552,SITAGLIPINA 50MG X 30 TAB ZUZU
NULL,8906045361668,AMBROXOL+ LORATADINA 5MG-30MG 60ML ZUZU
NULL,8906051293069,CLOBETASOL+NEOMICINA+MICONAZOL 20MG ARTE
NULL,8906051293076,KETOROLAC 10 MG X 10 TAB ARTE MEDICO
NULL,8906051293090,SERTRALINA 50 MG X 10 TAB ARTE MEDICO
NULL,8906069872461,DIOSMINA 600MG X 10 TAB KMPLUS
NULL,8906069872492,FINASTERIDA 5MG X 10 TAB KMPLUS
NULL,8906069872539,METFORMINA 850 MG X 10 TAB KMPLUS
NULL,8906078136103,AMBROXOL 30MG X 10TAB ZUZU
NULL,8906078136172,MELOXICAN 7.5 MG X 10 TAB ZUZU
NULL,8906081306876,CLINDA- CLOTRI 3OVULOS CLINFAST TIARES
NULL,8906081308894,CLINDASKIN GEL 1%X25G TIARES
NULL,8906082150638,AZITROMICINA 500MGX 3 TAB
NULL,8906082150669,LORATADINA 10MGX 10 TAB
NULL,8906082150737,SECNIDAZOL 500MG X 4 TAB FARMAMED
NULL,8906082150966,METRONIDAZOL 500MG X 10 TAB FARMAMED
NULL,8906082150997,BISOPROLOL 10 MG X 30 TAB FARMAMED
NULL,8906082151000,AMOXICILINA POLVO SUSP 250/5ML FARMAMED
NULL,8906082151017,SERTRALINA 50MG X 20TAB FARMAMED
NULL,8906082151178,GLIMEPIRIDA 2MG X 30 TAB FARMAMED
NULL,8906082151215,RISPERIDONA 1 MG X 20 TAB
NULL,8906082151222,MEMANTINA 10 MG X 10 TAB FARMAMED
NULL,8906082151314,ESOMEPRAZOL 40MG X 10 CAP FARMAMED
NULL,8906082151369,ROSUVASTATINA 20MG X 30 TAB
NULL,8906082151567,AMIODARONA 200 MG X 10 TAB FARMAMED
NULL,8906109691237,AZITROMICINA 500MG X 5 TAB ADN MEDICAL
NULL,8906109691250,LEVOFLOXACINA 750MG X 5 TAB ADN MEDICAL
NULL,8906112610439,MONTELUKAS 10MG MONTEPRA X 10 TAB ADN
NULL,8906112611290,AMICOPRA AMIKACINA 500 MG AMP
NULL,8906112611399,TOBRAPRADEX GOT OFT X 5ML (ADN MEDICAL)
NULL,8906112611429,CANDESARTAN 16MG X 28 TAB CANDEPRA ADN
NULL,8906112611580,HIDROCORTISONA 500MG+AGUA ESTER CORTIPRA
NULL,8906112611856,IBUPROFENO 800MG X 10 TAB ADN MEDICAL
NULL,8906112614673,AMOXIPRA AMOXICILINA 500 MG X10 CAPS ADN
NULL,8906112615007,LOSARTAN POTASICO 50MG X 10 TAB ADN
NULL,8906122851464,ATENOLOL 50MG X 20 TAB ARTE MEDICO
NULL,8906122851488,TROBACINA 0.3%DEXAM 0.1% GOT OFTAL
NULL,8906130230428,LISINOPRIL 10 MG X 10 TAB BRIX MEDIC
NULL,8906130230510,CLOTRIMAZOL 20 MG /G CREMA VAG BRIXMEDIC
NULL,8906130230558,KETOCONAZOL CREMA 2% 15GR
NULL,8906130230916,CEFIXIMA 100MG/5ML PED 60ML BRIXMEDIC
NULL,8906130231005,FLUCONAZOL 150 MG X 2 CAP BRIXMEDIC
NULL,8906130231241,TADABRIX 20MG X4 TAB TADALAFILO BRIXMEDI
NULL,8906131870173,VALSARTAN 80MGX15TAB KLOMDAY
NULL,8906131870180,NIFEDIPINA 20MG X 15 TAB KLOMDAY
NULL,8906142160171,MOXIFLOXACINA 400MG X 10 TAB ARTE MEDICO
NULL,8906142160898,LORATADINA 10MG X 10 TAB ADN MEDICAL
NULL,8906159250117,SIMETICONA 125MG X 10 TAB
NULL,8906159250209,ATENOLOL 50MG X30 CMP ZUZU
NULL,8906159251602,NITAZOXADINA 100MG/5ML X 30ML ZUZU
NULL,8906159251947,ACICLOVIR 400 MG X 10 TAB ZUZU
NULL,8906159251992,NIFEDIPINA 30MG X 30TAB ZUZU
NULL,8906159252005,NIFEDIPINA 20 MG X 30 TAB ZUZU
NULL,8908007037390,LOPERAMIDA 2 MG X 10 CAP GEAGAR
NULL,8908009796233,CARBAMAZEPINA 200 MG X 10 TAB ARTE MEDIC
NULL,8908010870267,FORMOTEROL 6MCG/BUDESONIDA 200MCG 120 DO
NULL,8908020229017,CLOTRIMAZOL10%CREMA VAGINAL X5G C/APLI
NULL,8908020229024,LORATADINA 10 MG X 10 TAB NAU PHARMA
NULL,8908020242245,DIOSMINA 600 X 10 TAB FARMAMED
NULL,8908020242290,HIOSCINA N-BULTIBROMURO X 10 TAB FARMAME
NULL,8908020242504,DEXAMETASONA 4 MG X 10 TAB FARMAMED
NULL,8908020242535,RISPERIDONA 1MG X 20 TAB FARMAMED
NULL,906130230572,COMPLEJO B JBE X100ML BRIXMEDIC
NULL,908020242535,RISPERIDONA 1MG X 20 TAB FARMAMED
NULL,A21,AMIKACINA 100MG/2ML KMPLUS
NULL,A32569,MABIVIT COMPLEJ MULTIVITAMIN AMP
NULL,AMP_AMIKAC_500,AMIKACINA 500 MG 2ML X 1 AMP
NULL,AMP_CEFAZO,CEFAZOLINA 1 GR AMP VICAR
NULL,AMP_CEFTRI,CEFTRIAXONA SODICA 1G AMP
NULL,AMP_CLINDA_600,CLINDAMICINA 600MG/4ML I.M/I.V
NULL,AMP_CLORFE_10,CLORFENIRAMIDA 10 MG AMP
NULL,AMP_DEXAME,DEXAMETASONA 8 MG/2ML AMP
NULL,AMP_DICLOF_POTA,DICLOFENAC POTASICO 75MG/3ML AMP
NULL,AMP_DICLOF_SODI,DICLOFENA SODICO 75MG/3ML AMP I.V/I.M
NULL,AMP_EFADRI,EFADRINA SULFATO 6% 1 ML AMP I.V/M BIOSA
NULL,AMP_FOLICO_10,ACIDO FOLICO 10 MG AMPOLLA IV/IM
NULL,AMP_FUROSE_10,FUROSEMIDA 10MG/ML AMP
NULL,AMP_FUROSE_20,FUROSEMIDA AMP 20      MG / 2ML 
NULL,AMP_GENTAM_160,GENTAMICINA AMP 160 MG / 2 ML
NULL,AMP_GENTAM_80,GENTAMICINA AMP 80MG/2ML I.V./I.M
NULL,AMP_HALORE_5MG,HALOPERIDOL 5ML/1ML AMP I.M/I.V.
NULL,AMP_HIOSCI,BUTILBROMURO DE HIOSCINA 20MG/IM/IV
NULL,AMP_HIOSCI_20,HIOSCINA BROMURO AMP 20      MG 
NULL,AMP_KETOPR_100,ketoprofeno 100 mg amp
NULL,AMP_MELOXI,MELOXICAM 15MG/1.5ML AMP I.M
NULL,AMP_METOCL_10,METOCLOPRAMIDA AMP 10 MG 7 2ML IV/IM
NULL,AMP_OMEPRA_40,OMEPRAZOL 40      MG /ML AMP I.V/I.M 
NULL,AMP_ONDANS_8,ONDANSETRON AMP 8      MG / 4ML X 1 
NULL,AMP_ONDAS_4,ONDANSETRON 4MG/2ML AMP I.V.
NULL,AMP_PENICI_2400,PENICILINA G BENZATINICA 2.400.000 AMP
NULL,AMP_RANITI_500,RANITIDINA AMP 500 MG / 2ML IM/I.V
NULL,AMP_TIOCOL_4MG,TIOCOLCHICOSIDO 4MG/2ML AMP I.M
NULL,AMP_TRANEX,ACIDO TRANEXAMICO AMP 5ML
NULL,AMP_VANCOM_1,VANCOMICINA AMP 1 GR
NULL,AMP_VIT_C_500,VITAMINA C 500 MG/ 5ML X 1 INY IM/IV
NULL,AMP_VITAMI_C,VITAMINA C 100 MG/ML
NULL,AMPO_DEXAME,DEXAMETASONA 8 MG/2ML AMP
NULL,BBLI_HIDROC_25M,HIDROCLOROTIAZIDA 25 MG X 10 TAB BRIXMED
NULL,BLI_ACETAM_500,ACETAMINOFEN 500 MG X 10
NULL,BLI_ACETIL,ACIDO ACETILSALICILICO 81 MG X 10 TAB
NULL,BLI_ACICLO_200,ACICLOVIR 200 MG X 10
NULL,BLI_ACICLO_400M,ACICLOVIR 400 MG X 10 TAB BRIXMEDIC
NULL,BLI_ALBEND_400,ALBENDAZOL TAB 400      MG X 10 
NULL,BLI_ALKESE,ALKA-SELZER
NULL,BLI_AMLODI_5MG,AMLODIPINA 5 MG X 10 TAB
NULL,BLI_AMOXIC,AMOXICILINA 500MG X 10 TAB
NULL,BLI_AMOXIC_500,AMOXICILINA 500 MG X 10
NULL,BLI_AMPICI_500M,AMPICILINA 500MG X 10 CAPS COASPHARMA
NULL,BLI_ATENOL_100M,ATENOLOL 100      MG X 10 TAB BRIXMEDI
NULL,BLI_ATENOL_50,ATENOLOL 50MG X 10 TAB
NULL,BLI_ATORVA_40MG,ATORVASTATINA 40 MG X 10 TAB PROVE PHARM
NULL,BLI_BISACO_5MG,BISACODILO 5MG X 10 TAB
NULL,BLI_BISOPR_10MG,BISOPROLOL FUMARATO 10MG X 10 TAB
NULL,BLI_BISOPR_2.5M,BISOPROLOL 2.5 MG X 10 COMP BRIXMEDIC

(1592 rows affected)
